Country,Code,Year,Account,Digitally enabled Account,Made a Digital Payment,Mobile Money Account,Internet_users,GDP,Mobile_cellular_subscription,Commercial_bank_branches,Poverty_ratio,Urban_population,Bank Account,Financial_Institution_Account_only,Mobile_Money_Account_only,Both_Accounts
Angola,AGO,2011,39.2,,,,4.7,5184.15,49.85,8.14,,60.84,39.2,,0.0,
Angola,AGO,2014,29.32,,19.18,,21.36,5649.69,51.74,10.02,,62.72,29.32,,0.0,
Angola,AGO,2017,,,,,26.0,2790.72,44.07,9.88,,65.09,,,,
Angola,AGO,2021,,,,,34.56,2303.91,44.39,8.04,,68.25,,,,
Angola,AGO,2022,,,,,35.84,3682.11,66.6,7.58,,69.05,,,,
Angola,AGO,2024,,,,,40.7,2665.87,69.7,,,70.66,,,,
Benin,BEN,2011,10.46,,,,4.15,1059.41,76.93,3.19,,43.46,10.46,,0.0,
Benin,BEN,2014,16.62,,4.82,2.02,6.0,1204.4,78.52,3.35,,45.29,15.98,14.600000000000001,0.6400000000000006,1.379999999999999
Benin,BEN,2017,38.49,,24.99,18.09,18.7,1054.97,72.87,3.27,,47.29,31.88,20.400000000000002,6.610000000000003,11.479999999999997
Benin,BEN,2021,48.61,,41.77,36.68,28.2,1318.65,94.92,3.38,36.2,50.2,23.79,11.93,24.82,11.86
Benin,BEN,2022,,,,,30.54,1266.43,105.75,2.9,,50.96,,,,
Benin,BEN,2024,51.84,47.66,44.62,44.87,33.98,1485.38,125.94,,,52.55,19.91,6.970000000000006,31.930000000000003,12.939999999999998
Botswana,BWA,2011,30.26,,,,9.0,7287.38,139.87,8.32,,64.02,30.26,,0.0,
Botswana,BWA,2014,51.96,,37.51,20.75,36.74,7122.36,157.02,8.7,,65.1,49.24,31.21,2.719999999999999,18.03
Botswana,BWA,2017,51.03,,34.32,24.38,43.58,7104.96,142.96,7.61,,65.95,44.83,26.650000000000002,6.200000000000003,18.179999999999993
Botswana,BWA,2021,,,,,54.7,7807.89,173.25,6.91,,66.52,,,,
Botswana,BWA,2022,58.76,,46.24,36.57,57.9,8328.71,178.21,7.73,,66.59,49.88,22.189999999999998,8.879999999999995,27.690000000000005
Botswana,BWA,2024,61.44,56.21,51.74,51.62,57.46,7695.75,164.0,,,67.46,41.6,9.82,19.839999999999996,31.78
Burkina Faso,BFA,2011,13.35,,,,3.0,725.02,46.11,2.03,,24.47,13.35,,0.0,
Burkina Faso,BFA,2014,14.36,,6.1,3.08,6.0,764.86,68.54,2.68,,25.38,13.42,11.28,0.9399999999999995,2.1400000000000006
Burkina Faso,BFA,2017,43.16,,33.58,33.02,7.79,709.09,90.21,2.77,,25.98,23.34,10.139999999999993,19.819999999999997,13.200000000000006
Burkina Faso,BFA,2021,36.11,,30.99,24.67,18.15,895.54,112.2,2.69,43.2,26.81,21.05,11.439999999999998,15.059999999999999,9.610000000000003
Burkina Faso,BFA,2022,,,,,25.4,827.33,114.0,2.74,,27.28,,,,
Burkina Faso,BFA,2024,51.43,44.93,44.63,44.16,28.25,981.99,116.59,,,28.34,20.55,7.270000000000003,30.88,13.279999999999994
Burundi,BDI,2011,7.24,,,,1.11,230.07,19.7,2.41,,11.56,7.24,,0.0,
Burundi,BDI,2014,7.11,,2.24,0.75,1.04,250.54,29.57,3.04,,13.78,6.94,6.36,0.16999999999999993,0.5800000000000001
Burundi,BDI,2017,,,,,2.66,246.06,51.45,3.15,,16.62,,,,
Burundi,BDI,2021,,,,,6.78,264.98,59.7,3.17,,21.11,,,,
Burundi,BDI,2022,,,,,7.14,302.99,56.26,3.33,,22.32,,,,
Burundi,BDI,2024,,,,,8.6,219.42,,,,24.83,,,,
Cameroon,CMR,2011,14.81,,,,5.0,1513.96,51.83,1.73,,51.22,14.81,,0.0,
Cameroon,CMR,2014,12.18,,4.82,1.8,16.21,1649.44,77.24,1.98,,52.3,11.35,10.379999999999999,0.8300000000000001,0.9700000000000006
Cameroon,CMR,2017,34.59,,24.5,15.14,23.2,1496.09,83.45,1.9,,53.31,26.87,19.450000000000003,7.720000000000002,7.419999999999998
Cameroon,CMR,2021,51.65,,47.58,42.43,38.89,1672.33,80.81,,37.7,54.55,23.53,9.219999999999999,28.119999999999997,14.310000000000002
Cameroon,CMR,2022,,,,,40.13,1604.88,89.83,,,54.85,,,,
Cameroon,CMR,2024,60.87,56.25,56.46,55.07,46.26,1830.01,108.21,,,55.4,21.0,5.799999999999997,39.87,15.200000000000003
Central African Republic,CAF,2011,3.3,,,,2.2,534.06,21.74,0.94,,38.8,3.3,,0.0,
Central African Republic,CAF,2014,,,,,2.7,409.85,25.0,0.98,,39.62,,,,
Central African Republic,CAF,2017,13.75,,6.36,,4.0,432.32,24.52,0.71,,40.82,13.75,,0.0,
Central African Republic,CAF,2021,,,,,,492.26,35.82,,68.8,42.85,,,,
Central African Republic,CAF,2022,,,,,13.75,467.36,38.82,,,43.28,,,,
Central African Republic,CAF,2024,,,,,13.78,516.16,,,,44.12,,,,
Chad,TCD,2011,8.96,,,,1.9,1308.14,28.74,0.68,,21.96,8.96,,0.0,
Chad,TCD,2014,12.43,,6.5,5.75,2.9,1278.79,37.01,0.96,,22.53,7.7,6.68,4.7299999999999995,1.0199999999999996
Chad,TCD,2017,21.76,,17.32,15.23,6.35,854.46,40.76,1.01,,23.46,8.75,6.530000000000001,13.010000000000002,2.219999999999999
Chad,TCD,2021,,,,,9.65,946.36,58.03,0.85,,25.23,,,,
Chad,TCD,2022,23.65,,15.89,12.09,11.17,966.04,65.44,,44.8,25.76,18.32,11.559999999999999,5.329999999999998,6.760000000000002
Chad,TCD,2024,20.9,15.91,13.21,13.34,12.63,961.56,72.93,,,26.93,15.0,7.559999999999999,5.899999999999999,7.440000000000001
Comoros,COM,2011,21.69,,,,5.5,1531.44,32.4,2.3,,29.11,21.69,,0.0,
Comoros,COM,2014,,,,,6.98,1615.72,53.83,3.04,,30.03,,,,
Comoros,COM,2017,,,,,8.48,1423.92,61.97,3.24,,31.1,,,,
Comoros,COM,2021,,,,,30.68,1554.97,104.31,5.13,,32.41,,,,
Comoros,COM,2022,34.25,,14.47,7.73,31.37,1465.48,100.55,5.01,,32.77,30.52,26.52,3.7300000000000004,4.0
Comoros,COM,2024,45.46,23.14,20.76,14.09,32.52,1662.76,,,,33.54,40.85,31.37,4.609999999999999,9.479999999999997
"Congo, Dem. Rep.",COD,2011,3.7,,,,1.2,372.51,22.08,0.61,,39.78,3.7,,0.0,
"Congo, Dem. Rep.",COD,2014,17.48,,9.09,9.21,3.0,489.18,47.32,0.79,,40.96,10.91,8.27,6.57,2.6400000000000006
"Congo, Dem. Rep.",COD,2017,25.83,,19.83,16.1,,431.05,40.62,0.87,,42.11,15.0,9.729999999999997,10.829999999999998,5.270000000000003
"Congo, Dem. Rep.",COD,2021,,,,,16.16,595.74,47.29,,,43.63,,,,
"Congo, Dem. Rep.",COD,2022,27.44,,24.14,22.68,18.0,687.74,48.68,,,44.0,9.63,4.760000000000002,17.810000000000002,4.869999999999997
"Congo, Dem. Rep.",COD,2024,39.21,35.86,35.67,35.12,19.67,649.38,58.53,,,44.75,13.51,4.090000000000003,25.700000000000003,9.419999999999995
"Congo, Rep.",COG,2011,10.05,,,,5.6,3396.17,84.27,0.31,40.9,62.56,10.05,,0.0,
"Congo, Rep.",COG,2014,17.07,,6.39,1.99,7.11,3601.24,99.08,2.55,,63.01,16.68,15.08,0.39000000000000057,1.5999999999999996
"Congo, Rep.",COG,2017,26.09,,14.17,6.24,8.65,2211.63,94.49,3.13,,63.35,23.26,19.85,2.8299999999999983,3.41
"Congo, Rep.",COG,2021,47.14,,42.34,36.78,30.03,2516.16,95.86,2.81,,63.62,18.12,10.36,29.02,7.760000000000005
"Congo, Rep.",COG,2022,,,,,40.99,2620.84,93.63,,,63.64,,,,
"Congo, Rep.",COG,2024,55.58,52.97,51.94,51.59,47.25,2482.25,95.53,,,63.89,14.72,3.989999999999995,40.86,10.730000000000004
Cote d'Ivoire,CIV,2011,,,,,2.9,1596.63,75.47,4.24,,47.68,,,,
Cote d'Ivoire,CIV,2014,34.32,,27.56,24.26,10.0,1991.37,90.12,4.65,,49.02,15.14,10.059999999999999,19.18,5.080000000000002
Cote d'Ivoire,CIV,2017,41.33,,35.39,34.05,43.84,1964.3,118.76,5.19,,50.4,14.77,7.280000000000001,26.56,7.489999999999995
Cote d'Ivoire,CIV,2021,50.76,,45.77,40.4,35.95,2455.98,150.34,4.74,37.5,52.32,20.57,10.36,30.189999999999998,10.21
Cote d'Ivoire,CIV,2022,,,,,38.41,2333.37,161.23,4.2,,52.85,,,,
Cote d'Ivoire,CIV,2024,57.57,53.94,55.33,53.38,41.43,2727.89,183.88,,,53.97,16.83,4.189999999999998,40.74,12.64
Eswatini,SWZ,2011,28.57,,,,18.13,4225.06,68.57,6.92,,22.46,28.57,,0.0,
Eswatini,SWZ,2014,,,,,25.0,3771.07,80.68,6.57,,23.03,,,,
Eswatini,SWZ,2017,,,,,35.33,3853.1,88.71,6.18,,23.81,,,,
Eswatini,SWZ,2021,,,,,54.0,3984.0,118.63,6.2,,25.02,,,,
Eswatini,SWZ,2022,66.18,,60.76,56.74,57.34,3894.16,121.49,6.12,,25.4,38.47,9.440000000000005,27.710000000000008,29.029999999999994
Eswatini,SWZ,2024,65.12,56.59,55.62,50.41,63.4,3909.56,139.83,,,26.25,43.14,14.710000000000008,21.980000000000004,28.429999999999993
Ethiopia,ETH,2011,,,,,1.1,343.02,15.17,1.88,,17.86,,,,
Ethiopia,ETH,2014,21.79,,3.61,0.03,7.7,549.99,30.15,,,19.03,21.79,21.759999999999998,0.0,0.030000000000001137
Ethiopia,ETH,2017,34.83,,6.93,0.32,15.62,696.35,36.11,,,20.31,34.83,34.51,0.0,0.3200000000000003
Ethiopia,ETH,2021,,,,,16.7,893.01,52.81,,33.1,22.11,,,,
Ethiopia,ETH,2022,46.48,,13.89,4.64,17.98,982.1,56.96,12.05,,22.74,46.05,41.839999999999996,0.4299999999999997,4.210000000000001
Ethiopia,ETH,2024,48.83,16.1,16.18,9.45,21.94,1133.88,65.08,,,23.62,48.47,39.379999999999995,0.35999999999999943,9.090000000000003
Gabon,GAB,2011,18.95,,,,18.0,10219.11,133.01,5.29,,86.57,18.95,,0.0,
Gabon,GAB,2014,33.01,,17.26,6.65,38.07,9201.36,148.24,,,87.62,30.15,26.36,2.8599999999999994,3.789999999999999
Gabon,GAB,2017,58.6,,49.87,43.58,51.6,6921.73,123.48,,33.4,89.0,33.98,15.020000000000003,24.620000000000005,18.959999999999994
Gabon,GAB,2021,66.09,,62.32,57.48,65.77,8181.41,132.31,,,90.79,27.55,8.610000000000007,38.540000000000006,18.93999999999999
Gabon,GAB,2022,,,,,67.67,8409.21,123.23,,,91.22,,,,
Gabon,GAB,2024,68.18,63.12,64.43,61.64,68.72,8230.04,125.34,,,91.86,24.83,6.540000000000006,43.35000000000001,18.289999999999992
"Gambia, The",GMB,2011,,,,,10.87,710.61,70.63,6.73,,56.67,,,,
"Gambia, The",GMB,2014,,,,,15.56,568.0,105.51,6.71,,58.61,,,,
"Gambia, The",GMB,2017,28.56,,12.36,,22.52,642.52,126.63,6.64,,60.47,28.56,,0.0,
"Gambia, The",GMB,2021,,,,,41.67,781.89,108.85,5.9,,62.76,,,,
"Gambia, The",GMB,2022,33.01,,16.13,3.75,48.23,836.24,106.78,5.84,,63.29,31.39,29.259999999999998,1.6199999999999974,2.1300000000000026
"Gambia, The",GMB,2024,38.16,22.77,22.63,19.09,49.49,871.34,126.24,,,64.3,30.85,19.069999999999997,7.309999999999995,11.780000000000005
Ghana,GHA,2011,29.43,,,,9.0,1507.44,81.11,5.13,,51.33,29.43,,0.0,
Ghana,GHA,2014,40.51,,19.97,13.01,19.0,1949.91,108.27,5.78,,53.07,34.62,27.5,5.890000000000001,7.119999999999997
Ghana,GHA,2017,57.72,,43.41,38.95,37.88,2012.29,122.47,8.19,,54.7,42.28,18.769999999999996,15.439999999999998,23.510000000000005
Ghana,GHA,2021,68.23,,63.65,59.69,68.6,2445.19,124.4,11.17,,56.7,39.2,8.540000000000006,29.03,30.659999999999997
Ghana,GHA,2022,,,,,69.91,2229.89,120.8,5.75,,57.25,,,,
Ghana,GHA,2024,81.24,79.28,78.88,78.28,72.18,2390.77,113.65,,,58.37,38.74,2.9599999999999937,42.49999999999999,35.78000000000001
Guinea,GIN,2011,3.69,,,,2.0,636.69,45.61,1.57,,34.07,3.69,,0.0,
Guinea,GIN,2014,6.96,,3.74,1.47,6.4,765.15,75.69,2.39,,34.82,6.17,5.49,0.79,0.6799999999999997
Guinea,GIN,2017,23.49,,15.89,13.78,18.7,833.6,94.46,2.66,,35.58,14.63,9.709999999999999,8.859999999999998,4.920000000000002
Guinea,GIN,2021,30.44,,25.04,21.51,28.61,1244.97,110.19,2.63,,36.85,13.77,8.93,16.67,4.84
Guinea,GIN,2022,,,,,31.31,1416.6,95.32,2.74,,37.24,,,,
Guinea,GIN,2024,36.05,29.25,27.14,25.82,33.3,1694.95,,,,38.07,16.9,10.229999999999997,19.15,6.670000000000002
Kenya,KEN,2011,42.34,,,,8.8,1096.14,65.67,4.97,,31.87,42.34,,0.0,
Kenya,KEN,2014,74.66,,66.22,58.39,16.5,1482.82,73.03,5.59,,31.79,55.21,16.269999999999996,19.449999999999996,38.940000000000005
Kenya,KEN,2017,81.57,,76.41,72.93,17.83,1667.48,87.03,5.37,,31.54,55.72,8.639999999999986,25.849999999999994,47.08000000000001
Kenya,KEN,2021,79.2,,75.56,68.66,26.96,2061.36,122.3,4.59,38.6,31.29,50.57,10.540000000000006,28.630000000000003,40.029999999999994
Kenya,KEN,2022,,,,,29.41,2109.56,121.17,4.51,39.8,31.43,,,,
Kenya,KEN,2024,90.12,89.4,88.11,87.5,34.98,2132.43,126.48,,,31.89,45.43,2.6200000000000045,44.690000000000005,42.809999999999995
Lesotho,LSO,2011,18.5,,,,7.0,1280.73,61.19,3.37,,28.62,18.5,,0.0,
Lesotho,LSO,2014,,,,,22.0,1173.54,102.82,3.54,,32.64,,,,
Lesotho,LSO,2017,45.56,,33.49,27.64,39.0,1069.37,110.37,3.75,49.7,36.53,33.32,17.92,12.240000000000002,15.399999999999999
Lesotho,LSO,2021,,,,,45.06,1066.59,80.54,3.59,,40.66,,,,
Lesotho,LSO,2022,63.63,,54.62,45.88,48.07,1030.13,68.1,3.55,,41.67,44.37,17.75,19.260000000000005,26.619999999999997
Lesotho,LSO,2024,61.57,56.41,54.57,53.47,51.8,971.91,70.33,,,43.68,33.53,8.100000000000001,28.04,25.43
Liberia,LBR,2011,18.8,,,,2.5,568.09,47.87,3.6,,48.66,18.8,,0.0,
Liberia,LBR,2014,,,,,5.41,706.71,70.66,3.63,54.1,50.22,,,,
Liberia,LBR,2017,35.71,,24.13,20.84,16.3,699.27,54.86,2.96,,51.8,21.58,14.870000000000001,14.130000000000003,6.709999999999997
Liberia,LBR,2021,51.63,,42.59,36.3,26.38,667.97,31.43,3.13,,53.92,28.59,15.330000000000005,23.040000000000003,13.259999999999998
Liberia,LBR,2022,,,,,30.38,744.62,32.06,3.04,,54.46,,,,
Liberia,LBR,2024,52.21,48.36,47.86,47.53,32.23,851.5,,,,55.54,13.88,4.68,38.33,9.200000000000003
Libya,LBY,2011,,,,,14.0,7593.84,157.65,11.63,,88.1,,,,
Libya,LBY,2014,,,,,17.76,8926.42,132.2,12.79,,88.01,,,,
Libya,LBY,2017,65.67,,20.76,,47.5,9965.83,89.33,12.25,,87.82,65.67,,0.0,
Libya,LBY,2021,,,,,77.44,4935.83,195.12,12.17,,87.84,,,,
Libya,LBY,2022,,,,,80.65,5986.64,192.97,12.28,,87.85,,,,
Libya,LBY,2024,33.12,22.7,,,81.95,6569.16,,,,87.89,33.12,,0.0,
Madagascar,MDG,2011,5.52,,,,1.9,506.16,38.04,1.48,,28.13,5.52,,0.0,
Madagascar,MDG,2014,8.55,,4.9,4.36,3.7,505.68,39.23,1.84,,28.92,5.73,4.19,2.8200000000000003,1.54
Madagascar,MDG,2017,17.87,,12.14,12.06,6.41,491.87,32.59,2.25,,29.67,9.57,5.8100000000000005,8.3,3.76
Madagascar,MDG,2021,,,,,13.75,483.47,53.92,2.89,75.2,31.11,,,,
Madagascar,MDG,2022,26.3,,22.12,19.03,17.81,503.51,64.75,2.88,,31.54,14.0,7.27,12.3,6.73
Madagascar,MDG,2024,24.45,20.47,19.03,19.36,18.68,544.99,,,,32.43,9.45,5.09,15.0,4.359999999999999
Malawi,MWI,2011,16.54,,,,3.33,763.06,25.89,1.09,,15.55,16.54,,0.0,
Malawi,MWI,2014,18.09,,10.16,3.84,5.83,529.51,33.89,3.33,,15.77,16.14,14.25,1.9499999999999993,1.8900000000000006
Malawi,MWI,2017,33.71,,22.27,20.3,7.0,495.77,43.09,2.23,,15.96,22.99,13.41,10.720000000000002,9.579999999999998
Malawi,MWI,2021,42.71,,36.41,34.35,15.3,617.45,59.56,2.0,,16.49,20.22,8.36,22.490000000000002,11.86
Malawi,MWI,2022,,,,,16.85,604.27,59.65,1.93,,16.71,,,,
Malawi,MWI,2024,50.37,47.65,45.22,47.4,18.96,522.57,69.26,,,17.27,12.41,2.969999999999999,37.959999999999994,9.440000000000005
Mali,MLI,2011,8.21,,,,2.2,938.29,65.71,4.1,,23.64,8.21,,0.0,
Mali,MLI,2014,20.08,,9.44,11.64,7.0,947.92,130.44,5.45,,25.27,13.25,8.439999999999998,6.829999999999998,4.810000000000002
Mali,MLI,2017,35.42,,27.35,24.4,18.9,924.06,111.21,4.97,,27.06,18.15,11.020000000000003,17.270000000000003,7.1299999999999955
Mali,MLI,2021,43.5,,33.5,29.38,33.96,1027.27,108.69,4.41,45.5,29.7,28.44,14.120000000000001,15.059999999999999,14.32
Mali,MLI,2022,,,,,35.2,976.91,112.12,4.11,,30.4,,,,
Mali,MLI,2024,54.75,51.37,48.62,48.39,36.8,1094.62,,,,31.61,18.45,6.359999999999999,36.3,12.090000000000003
Mauritania,MRT,2011,17.46,,,,4.5,1931.2,94.63,4.52,,47.14,17.46,,0.0,
Mauritania,MRT,2014,22.87,,11.02,6.48,11.8,1713.01,97.53,7.61,34.3,50.47,20.45,16.39,2.4200000000000017,4.059999999999999
Mauritania,MRT,2017,20.87,,9.93,4.01,21.02,1615.0,96.76,9.37,,54.2,19.03,16.86,1.8399999999999999,2.1700000000000017
Mauritania,MRT,2021,,,,,35.64,1947.79,137.54,12.22,,57.9,,,,
Mauritania,MRT,2022,23.46,,16.2,10.16,42.46,1960.35,109.88,11.35,,58.81,20.4,13.3,3.0600000000000023,7.099999999999998
Mauritania,MRT,2024,27.31,15.74,18.22,,45.78,2110.12,92.07,,,60.61,27.31,,0.0,
Mauritius,MUS,2011,80.12,,,,34.95,9324.24,100.61,21.65,,40.17,80.12,,0.0,
Mauritius,MUS,2014,82.21,,37.11,0.86,44.8,10490.33,127.86,22.52,,39.79,82.21,81.35,0.0,0.8599999999999994
Mauritius,MUS,2017,89.84,,53.5,5.63,55.4,10986.7,142.52,18.62,10.4,39.45,89.49,84.21000000000001,0.3500000000000085,5.279999999999987
Mauritius,MUS,2021,90.53,,64.15,15.9,71.6,9177.71,154.05,15.06,,39.08,89.96,74.63,0.5700000000000074,15.329999999999998
Mauritius,MUS,2022,,,,,75.5,10246.5,164.31,14.57,,39.0,,,,
Mauritius,MUS,2024,89.6,63.16,,10.13,73.31,11990.78,172.68,,,39.02,89.52,79.47,0.0799999999999983,10.049999999999997
Mozambique,MOZ,2011,,,,,4.6,618.18,33.22,3.67,,31.21,,,,
Mozambique,MOZ,2014,,,,,6.0,697.14,71.67,4.13,48.4,31.9,,,,
Mozambique,MOZ,2017,41.67,,29.6,21.87,7.8,470.94,42.16,4.24,,32.63,33.0,19.8,8.670000000000002,13.2
Mozambique,MOZ,2021,49.49,,39.1,29.38,16.36,509.91,43.16,3.76,,34.45,38.63,20.110000000000003,10.86,18.52
Mozambique,MOZ,2022,,,,,18.96,578.25,45.82,3.61,65.0,35.05,,,,
Mozambique,MOZ,2024,54.39,49.67,47.48,45.72,20.53,656.78,49.5,,,36.43,25.08,8.670000000000002,29.310000000000002,16.409999999999997
Namibia,NAM,2011,,,,,12.0,5834.79,102.24,12.99,,42.63,,,,
Namibia,NAM,2014,58.83,,38.19,10.36,14.84,5378.32,115.52,13.61,,44.82,58.06,48.47,0.769999999999996,9.590000000000003
Namibia,NAM,2017,80.63,,63.07,43.43,36.84,5143.96,106.91,10.55,,46.81,77.34,37.199999999999996,3.289999999999992,40.14000000000001
Namibia,NAM,2021,71.35,,58.02,42.62,60.26,4412.84,103.73,9.48,,49.06,65.57,28.729999999999997,5.780000000000001,36.839999999999996
Namibia,NAM,2022,,,,,63.0,4349.8,100.56,9.35,,49.53,,,,
Namibia,NAM,2024,72.92,66.1,55.62,48.45,64.87,4413.13,85.16,,,50.41,62.7,24.47,10.219999999999999,38.230000000000004
Niger,NER,2011,1.52,,,,0.9,510.76,27.61,1.22,,16.23,1.52,,0.0,
Niger,NER,2014,6.71,,4.16,3.85,1.25,565.31,42.86,1.62,,16.25,3.49,2.86,3.2199999999999998,0.6299999999999999
Niger,NER,2017,15.52,,10.41,8.72,10.22,521.8,40.95,1.63,,16.5,9.52,6.799999999999999,6.0,2.7200000000000006
Niger,NER,2021,,,,,12.46,608.72,61.51,1.58,41.2,17.23,,,,
Niger,NER,2022,11.69,,8.08,5.38,13.09,609.75,63.38,1.59,,17.48,8.55,6.31,3.139999999999999,2.24
Niger,NER,2024,14.83,7.43,8.09,5.7,15.56,735.27,60.59,,,18.05,12.67,9.129999999999999,2.16,3.540000000000001
Nigeria,NGA,2011,29.67,,,,13.8,2418.41,55.53,6.33,,52.49,29.67,,0.0,
Nigeria,NGA,2014,44.44,,29.17,2.29,21.0,3088.72,74.75,5.53,,54.92,44.17,42.15,0.269999999999996,2.020000000000003
Nigeria,NGA,2017,39.67,,23.72,5.61,25.88,1876.34,72.37,4.38,,57.35,39.41,34.06,0.2600000000000051,5.349999999999994
Nigeria,NGA,2021,45.32,,29.4,8.65,35.51,2787.49,89.29,4.24,,60.57,45.14,36.67,0.17999999999999972,8.469999999999999
Nigeria,NGA,2022,,,,,39.15,2899.16,99.59,4.36,56.2,61.37,,,,
Nigeria,NGA,2024,63.26,53.14,43.87,32.79,41.21,1084.16,70.76,,,62.98,59.73,30.47,3.530000000000001,29.259999999999998
Rwanda,RWA,2011,32.76,,,,7.0,651.13,42.05,5.45,,16.93,32.76,,0.0,
Rwanda,RWA,2014,42.12,,23.08,18.1,10.6,724.96,68.17,5.85,,17.5,38.14,24.019999999999996,3.979999999999997,14.120000000000005
Rwanda,RWA,2017,50.02,,31.54,31.11,17.2,758.3,72.28,6.09,,20.25,36.66,18.910000000000004,13.360000000000007,17.749999999999993
Rwanda,RWA,2021,,,,,24.44,829.54,81.64,3.31,,26.1,,,,
Rwanda,RWA,2022,,,,,28.02,975.47,80.6,3.14,,27.78,,,,
Rwanda,RWA,2024,,,,,31.7,999.65,93.2,,,29.88,,,,
Senegal,SEN,2011,5.82,,,,9.8,1374.68,72.17,4.58,,44.07,5.82,,0.0,
Senegal,SEN,2014,15.42,,9.6,6.19,17.7,1398.89,101.61,4.8,,45.6,11.92,9.23,3.5,2.6899999999999995
Senegal,SEN,2017,42.34,,34.67,31.8,29.64,1356.81,101.83,5.81,,47.93,20.36,10.540000000000003,21.980000000000004,9.819999999999993
Senegal,SEN,2021,55.96,,50.53,44.89,55.04,1598.11,115.33,5.66,37.5,52.23,28.13,11.07,27.830000000000002,17.059999999999995
Senegal,SEN,2022,,,,,56.83,1574.03,118.15,5.51,,53.44,,,,
Senegal,SEN,2024,76.46,73.56,69.92,66.91,60.12,1773.22,123.89,,,55.24,48.05,9.549999999999997,28.409999999999997,38.5
Sierra Leone,SLE,2011,15.34,,,,0.9,761.15,33.46,2.63,62.4,39.05,15.34,,0.0,
Sierra Leone,SLE,2014,15.58,,9.04,4.45,6.06,1117.76,69.18,,,40.33,14.15,11.129999999999999,1.4299999999999997,3.0200000000000014
Sierra Leone,SLE,2017,19.81,,13.15,11.02,9.3,779.19,89.78,,,41.71,12.39,8.79,7.419999999999998,3.6000000000000014
Sierra Leone,SLE,2021,28.85,,24.63,19.04,18.65,885.4,101.64,,,43.73,13.78,9.810000000000002,15.070000000000002,3.969999999999999
Sierra Leone,SLE,2022,,,,,21.51,860.37,107.88,2.57,,44.27,,,,
Sierra Leone,SLE,2024,38.62,33.82,32.6,32.2,25.1,806.65,,,,45.36,15.01,6.419999999999995,23.61,8.590000000000003
Somalia,SOM,2011,,,,,,,,,,,,,,
Somalia,SOM,2014,38.66,,35.14,37.07,,,,,,,7.86,1.5899999999999963,30.799999999999997,6.270000000000003
Somalia,SOM,2017,,,,,,,,,,,,,,
Somalia,SOM,2021,,,,,,,,,,,,,,
Somalia,SOM,2022,,,,,,,,,,,,,,
Somalia,SOM,2024,,,,,,,,,,,,,,
South Africa,ZAF,2011,53.65,,,,33.97,8646.06,120.77,10.0,,62.85,53.65,,0.0,
South Africa,ZAF,2014,70.32,,52.7,14.43,49.0,6856.73,142.6,10.65,46.7,63.14,68.77,55.88999999999999,1.5499999999999972,12.880000000000003
South Africa,ZAF,2017,69.22,,43.08,19.02,56.17,6618.34,153.55,10.38,,63.33,67.44,50.2,1.7800000000000011,17.239999999999995
South Africa,ZAF,2021,85.38,,70.16,36.57,74.97,6828.76,163.13,9.48,,63.45,84.11,48.809999999999995,1.269999999999996,35.300000000000004
South Africa,ZAF,2022,,,,,78.29,6534.25,160.73,9.1,37.9,63.48,,,,
South Africa,ZAF,2024,81.13,67.76,44.64,31.62,78.36,6267.19,179.34,,,63.69,78.43,49.50999999999999,2.6999999999999886,28.920000000000016
South Sudan,SSD,2011,,,,,,1448.98,17.5,0.71,,17.78,,,,
South Sudan,SSD,2014,,,,,2.6,1242.73,25.6,1.79,,18.55,,,,
South Sudan,SSD,2017,8.57,,4.59,,4.1,,27.18,1.6,,19.35,8.57,,0.0,
South Sudan,SSD,2021,5.83,,3.24,0.85,,,30.15,1.57,,20.48,5.48,4.98,0.34999999999999964,0.5
South Sudan,SSD,2022,,,,,,,48.49,1.58,,20.78,,,,
South Sudan,SSD,2024,,,,,,,,,,21.38,,,,
Sudan,SDN,2011,6.9,,,,,1332.66,69.33,3.02,,32.91,6.9,,0.0,
Sudan,SDN,2014,15.27,,10.73,,,1275.44,71.6,3.2,,33.76,15.27,,0.0,
Sudan,SDN,2017,,,,,18.6,966.51,67.06,3.32,,34.29,,,,
Sudan,SDN,2021,,,,,,712.12,71.77,,,34.64,,,,
Sudan,SDN,2022,,,,,,1046.24,70.21,,,34.72,,,,
Sudan,SDN,2024,,,,,,984.61,,,,34.87,,,,
Tanzania,TZA,2011,17.26,,,,3.2,775.39,55.76,2.09,28.2,28.87,17.26,,0.0,
Tanzania,TZA,2014,39.78,,33.62,32.36,7.0,1022.75,63.28,2.63,,30.64,19.04,7.420000000000002,20.740000000000002,11.619999999999997
Tanzania,TZA,2017,46.75,,39.77,38.54,14.46,986.67,71.79,2.76,,32.3,20.97,8.21,25.78,12.759999999999998
Tanzania,TZA,2021,52.43,,48.4,44.58,22.88,1159.86,86.02,2.45,,34.35,23.32,7.850000000000001,29.11,15.469999999999999
Tanzania,TZA,2022,,,,,26.86,1207.52,93.02,2.35,,34.82,,,,
Tanzania,TZA,2024,59.83,55.04,54.63,52.85,31.16,1186.72,126.56,,,36.17,21.94,6.979999999999997,37.89,14.96
Togo,TGO,2011,10.19,,,,3.5,783.99,38.97,4.28,,37.99,10.19,,0.0,
Togo,TGO,2014,18.25,,2.94,1.41,5.7,855.58,60.44,4.74,,39.28,17.61,16.84,0.6400000000000006,0.7699999999999996
Togo,TGO,2017,45.29,,27.02,21.46,12.36,792.77,75.34,5.43,,40.58,34.07,23.83,11.219999999999999,10.240000000000002
Togo,TGO,2021,49.61,,41.33,36.48,30.34,962.08,70.45,4.98,43.8,42.31,24.9,13.130000000000003,24.71,11.769999999999996
Togo,TGO,2022,,,,,35.61,951.23,72.21,4.93,,42.73,,,,
Togo,TGO,2024,57.43,51.32,49.89,47.99,39.48,1119.38,80.8,,,43.81,32.44,9.439999999999998,24.990000000000002,23.0
Uganda,UGA,2011,20.46,,,,4.6,835.62,50.06,2.5,,20.06,20.46,,0.0,
Uganda,UGA,2014,44.45,,38.71,35.1,5.4,896.05,55.96,3.14,,24.19,27.78,9.350000000000001,16.67,18.43
Uganda,UGA,2017,59.2,,51.27,50.58,7.42,765.22,62.1,2.73,,26.41,32.84,8.620000000000005,26.36,24.22
Uganda,UGA,2021,65.91,,60.57,53.8,10.0,882.79,65.62,2.32,,29.24,36.56,12.11,29.349999999999994,24.450000000000003
Uganda,UGA,2022,,,,,9.64,963.07,70.14,2.34,,29.93,,,,
Uganda,UGA,2024,72.83,69.55,67.44,67.74,8.95,1077.91,83.17,,,31.28,26.17,5.090000000000003,46.66,21.08
Zambia,ZMB,2011,21.36,,,,3.5,1624.87,56.55,3.99,,40.37,21.36,,0.0,
Zambia,ZMB,2014,35.64,,22.36,12.11,6.5,1707.49,63.63,4.67,,41.56,31.29,23.53,4.350000000000001,7.759999999999998
Zambia,ZMB,2017,45.86,,33.12,27.84,12.2,1483.47,77.05,4.47,,42.73,35.83,18.02,10.030000000000001,17.81
Zambia,ZMB,2021,48.52,,44.13,41.63,14.82,1127.16,103.28,2.78,,44.24,23.84,6.890000000000001,24.680000000000003,16.95
Zambia,ZMB,2022,,,,,15.0,1447.12,98.44,2.7,60.0,44.6,,,,
Zambia,ZMB,2024,72.7,70.27,68.33,69.31,17.1,1187.11,108.7,,,45.47,24.07,3.3900000000000006,48.63,20.68
Zimbabwe,ZWE,2011,39.65,,,,8.4,1037.78,67.67,6.33,22.5,32.76,39.65,,0.0,
Zimbabwe,ZWE,2014,32.39,,27.63,21.6,16.36,1372.92,83.05,14.67,,33.16,17.19,10.79,15.2,6.400000000000002
Zimbabwe,ZWE,2017,55.29,,49.2,48.58,24.4,3445.45,95.14,5.4,30.4,34.7,28.18,6.710000000000001,27.11,21.47
Zimbabwe,ZWE,2021,59.75,,53.71,50.63,32.59,2613.61,90.25,5.82,,37.87,29.25,9.119999999999997,30.5,20.130000000000003
Zimbabwe,ZWE,2022,,,,,36.26,2536.4,89.0,5.54,,38.71,,,,
Zimbabwe,ZWE,2024,49.52,46.54,42.6,43.33,41.64,2497.2,94.25,,,39.89,21.57,6.190000000000005,27.950000000000003,15.379999999999995
