Country,Code,Year,Account,Digitally enabled Account,Made a Digital Payment,Mobile Money Account,Internet_users,GDP,Mobile_cellular_subscription,Commercial_bank_branches,Poverty_ratio,Urban_population,Bank Account,Financial_Institution_Account_only,Mobile_Money_Account_only,Both_Accounts,Borrowed from a mobile money provider  (% age 15+),Received government payments  (% age 15+),"Received government payments: in cash only (% of government payment recipients, age 15+)","Received government payments: into a bank or similar financial institution account (% of government payment recipients, age 15+)","Received government payments: into an account (% of government payment recipients, age 15+)","Received government payments: through a mobile phone (% of government payment recipients, age 15+)","Received government payments: to a card (% of government payment recipients, age 15+)",Received private sector wages  (% age 15+),"Received private sector wages: in cash only (% of private sector wage recipients, age 15+)","Received private sector wages: into a bank or similar financial institution account (% of private sector wage recipients, age 15+)","Received private sector wages: into an account (% of private sector wage recipients, age 15+)","Received private sector wages: through a mobile phone (% of private sector wage recipients, age 15+)","Received private sector wages: to a card (% of private sector wage recipients, age 15+)",Saved any money  (% age 15+),"Received payments for agricultural products: in cash only (% of agricultural payment recipients, age 15+)","Received payments for agricultural products: into an account (% of agricultural payment recipients, age 15+)","Received payments for agricultural products: through a mobile phone (% payment recipients, age 15+)","Bank or similar financial institution account, men (% age 15+)","Bank or similar financial institution account, women (% age 15+)",Borrowed any money from a formal bank or similar financial institution or using a mobile money account  (% age 15+),Borrowed from a formal bank or similar financial institution  (% age 15+),"Mobile money account, men (% age 15+)","Mobile money account, women (% age 15+)",Saved at a bank or similar financial institution  (% age 15+),Saved at a bank or similar financial institution or using a mobile money account  (% age 15+),Saved money using a mobile money account  (% age 15+),"Sent money from a mobile money account, less than once a month  (% age 15+)","Sent or withdrew money from a bank or similar financial institution, monthly (%,  age 15+) (% age 15+)","Sent or withdrew money from a mobile money account, Never (%  age 15+) (% age 15+)",Population_adult
Angola,AGO,2011,39.2035423430619,..,..,,4.699999809,5184.15269149912,49.8515258181069,8.14484884277425,,60.8431610396073,39.2035423430619,,0.0,,..,..,..,..,..,..,..,..,..,..,..,..,..,..,..,..,..,39.4809697161049,38.9283452528467,..,..,..,..,15.9155843112353,15.9155843112353,..,..,..,..,13283873.0
Angola,AGO,2014,29.3181213047365,..,19.1783594962751,,21.3623407584103,5649.68762469139,51.7384393645114,10.0181604645599,,62.723115793241,29.3181213047365,,0.0,,..,..,..,..,..,..,..,5.80599216139339,..,..,..,..,..,53.0579030355254,94.7333777707823,..,..,36.1321313839668,22.3316464905364,5.65850260405293,5.65850260405293,..,..,14.860407234029,14.860407234029,..,..,..,..,14877071.0
Angola,AGO,2017,,..,..,,26.0,2790.71886869768,44.0682088632918,9.8775476399847,,65.0850525086068,,,,,..,..,..,..,..,..,..,..,..,..,..,..,..,..,..,..,..,..,..,..,..,..,..,..,..,..,..,..,..,16553324.0
Angola,AGO,2021,,..,..,,34.55649948,2303.90812662776,44.3868689341257,8.0358321987126,,68.2524163556969,,,,,..,..,..,..,..,..,..,..,..,..,..,..,..,..,..,..,..,..,..,..,..,..,..,..,..,..,..,..,..,19024174.0
Angola,AGO,2022,,..,..,,35.83800125,3682.1131513698,66.6008073123779,7.5835940491885,,69.0506188977513,,,,,..,..,..,..,..,..,..,..,..,..,..,..,..,..,..,..,..,..,..,..,..,..,..,..,..,..,..,..,..,19685547.0
Angola,AGO,2024,,..,..,,40.70479965,2665.87444776753,69.7039467163584,,,70.6551379036435,,,,,..,..,..,..,..,..,..,..,..,..,..,..,..,..,..,..,..,..,..,..,..,..,..,..,..,..,..,..,..,21083110.0
Benin,BEN,2011,10.4639370332736,..,..,,4.14832306562512,1059.41358852588,76.9318013957922,3.1863659951021,,43.4616136137276,10.4639370332736,,0.0,,..,..,..,..,..,..,..,..,..,..,..,..,..,..,..,..,..,11.1505669063628,9.80735403795204,..,..,..,..,7.0161602909638,7.0161602909638,..,..,..,..,5676381.0
Benin,BEN,2014,16.6208334560554,..,4.8186478578223,2.02272709275182,6.0,1204.39918670094,78.5170340826712,3.35216853774094,,45.2880529235999,15.9799341770555,14.59810636330358,0.6408992789999015,1.3818278137519187,..,..,..,..,..,..,..,9.74610622512064,..,..,..,..,..,61.099577903494,95.9807094830386,..,..,19.2082952746039,12.8702527090146,7.73875517901797,7.73875517901797,..,..,7.14403158004107,7.14403158004107,..,..,..,..,6233863.0
Benin,BEN,2017,38.4892214232651,..,24.9918224772246,18.0938375864279,18.7,1054.97408066814,72.867145412956,3.26988197996804,,47.2942774880391,31.8845145644183,20.3953838368372,6.6047068588468,11.489130727581099,..,9.20176640354992,..,..,..,..,..,10.7030784859897,..,..,..,..,..,49.3417632296652,73.5698417249039,..,..,41.06737550942,22.9106577903991,11.3602694384735,11.3602694384735,24.6091235497795,11.7268411321563,9.80283102102892,9.80283102102892,..,..,..,..,6837630.0
Benin,BEN,2021,48.605530136871,..,41.7683483436908,36.6837174702481,28.20470047,1318.65158075198,94.9182598289459,3.37662334182,36.2,50.1961807561354,23.7882555934103,11.921812666622905,24.8172745434607,11.866442926787393,4.20947800062833,7.33875143403366,..,..,..,..,..,11.7984424644228,..,..,..,..,..,47.0441571416097,79.2487842862399,..,..,30.6132929515788,17.4983155308187,11.1391268908833,8.20427380859696,44.3281869254932,29.6385905118944,5.14619635902215,12.6601692146316,8.8480804596175,..,..,..,7726281.0
Benin,BEN,2022,,..,..,,30.53730011,1266.42711031904,105.745019386968,2.90096055617268,,50.9627000010887,,,,,..,..,..,..,..,..,..,..,..,..,..,..,..,..,..,..,..,..,..,..,..,..,..,..,..,..,..,..,..,7963912.0
Benin,BEN,2024,51.8432060403598,47.6605684657781,44.6203112716391,44.8728519417161,33.98379898,1485.38018885134,125.940873932186,,,52.5455354818423,19.9061777922869,6.970354098643703,31.937028248072902,12.9358236936432,5.25344187338612,6.73257195289246,..,..,..,..,..,8.4751985447537,..,..,..,..,..,58.2242556860112,84.2277302417225,..,..,19.904565501589,19.9075941870158,12.6827260516769,8.65463345456663,50.2886229057436,40.1151060485774,7.54543717808197,23.3673149403528,19.4357174041747,22.4409226050181,3.95342904163725,2.50406531195417,8453102.0
Botswana,BWA,2011,30.2600142850791,..,..,,9.0,7287.38295334919,139.870462760455,8.32060137863757,,64.0187810722889,30.2600142850791,,0.0,,..,..,..,..,..,..,..,..,..,..,..,..,..,..,..,..,..,32.1595263342807,28.3603353299246,..,..,..,..,16.4670000194884,16.4670000194884,..,..,..,..,1368002.0
Botswana,BWA,2014,51.9645703035045,..,37.5132390018499,20.7515243647839,36.74474744423,7122.36423421503,157.018320070864,8.69739341142109,,65.0965122400825,49.2435843039061,31.2130459387206,2.7209859995984047,18.030538365185492,..,..,..,..,..,..,..,21.6029252257312,51.6642350991808,..,..,..,..,58.1685612727885,74.8904975405518,..,..,52.6607090898419,45.870851206182,17.6156815971821,17.6156815971821,22.0627524273901,19.457330396914,26.6092261375031,26.6092261375031,..,..,..,..,1424602.0
Botswana,BWA,2017,51.0324508104973,..,34.3222778534135,24.3783067001658,43.57640076,7104.96401088027,142.962095019868,7.61337638771088,,65.9456435684731,44.8283061347872,26.6541441103315,6.204144675710104,18.174162024455704,..,21.4130599999536,..,..,58.8986473903129,..,..,19.8673055057459,..,..,53.9976672140525,..,..,46.8432360054172,..,..,..,49.4085331709347,41.0741655719065,8.8618680253569,8.8618680253569,29.1026010806703,20.5060826761446,17.9569802236115,17.9569802236115,..,..,..,..,1497454.0
Botswana,BWA,2021,,..,..,,54.70069885,7807.88794570471,173.25235140068,6.91065502067726,,66.5182767068255,,,,,..,..,..,..,..,..,..,..,..,..,..,..,..,..,..,..,..,..,..,..,..,..,..,..,..,..,..,..,..,1618921.0
Botswana,BWA,2022,58.7631963352309,..,46.2425287206129,36.5681328673822,57.9,8328.7090572666,178.205018910673,7.72815400349403,,66.5889787170477,49.879700284735,22.195063467848705,8.8834960504959,27.684636816886297,2.90110379595349,20.6928786281959,..,48.4987723371974,61.0099189644934,..,..,20.7208318783094,..,51.5993054367894,68.6912165437351,..,..,52.0439103886249,..,..,..,55.637627075304,44.7719541161366,11.2378114671055,9.64441808881157,41.8373702159317,31.893893708494,17.2706043207511,27.4913074651779,20.8545135523803,..,..,..,1648800.0
Botswana,BWA,2024,61.4384690565565,56.2114566457489,51.7439922265158,51.617815726863,57.45950036,7695.75319445165,163.999922257361,,,67.4623537838418,41.6043563988356,9.8206533296935,19.8341126577209,31.783703069142092,19.3960381380921,21.2597084337341,..,..,49.2645380861068,..,..,21.8380893362876,..,51.812418298682,74.2945433822646,63.0267146069131,..,54.7435093880444,..,..,..,43.3836811562809,40.1282670968182,23.0385393678918,8.1424312435786,53.9959361768223,49.6449784803708,15.6004409944736,40.1165045193513,36.5238694624191,20.3751533129768,15.4356383056175,4.32171013394778,1711106.0
Burkina Faso,BFA,2011,13.3530920184137,..,..,,3.0,725.024767725475,46.1057641177709,2.02875713349255,,24.4682976845657,13.3530920184137,,0.0,,..,..,..,..,..,..,..,..,..,..,..,..,..,..,..,..,..,15.6954228033191,10.8137100104842,..,..,..,..,7.91482652707325,7.91482652707325,..,..,..,..,9059171.0
Burkina Faso,BFA,2014,14.3575961084795,..,6.10097919731854,3.08096956837415,6.0,764.861675106225,68.5395525408019,2.68304491781682,,25.3814155996643,13.4244858663995,11.276626540105351,0.9331102420799997,2.147859326294151,..,..,..,..,..,..,..,7.09083022908612,..,..,..,..,..,50.8167668602654,95.3531902932723,..,..,15.1111872384344,11.7519254897512,5.89953512199689,5.89953512199689,..,..,8.66108052858537,8.66108052858537,..,..,..,..,9920878.0
Burkina Faso,BFA,2017,43.1599923287733,..,33.5820419068051,33.0227985441853,7.790400028,709.091535894695,90.2081424191231,2.76985266592338,,25.9769918665632,23.3405271846963,10.137193784588,19.819465144077,13.2033334001083,..,16.0293625181765,..,..,..,..,..,14.5822235012378,..,..,..,..,..,53.9315979495263,73.1461384560758,..,..,26.3018987562828,20.1822052023081,9.99784776275684,9.99784776275684,41.8080486159322,23.653272379824,12.0733309270584,12.0733309270584,..,..,..,..,10917546.0
Burkina Faso,BFA,2021,36.1085342551293,..,30.9928247072072,24.6651697561207,18.1522007,895.535288442991,112.198419449151,2.68689281887429,43.2,26.8114307743017,21.052643162732,11.443364499008599,15.0558910923973,9.609278663723401,2.55885072421668,9.9462176242287,..,..,..,..,..,11.4287364565505,..,..,..,..,..,47.9752841523788,65.2293990000453,..,..,25.6993092280462,17.0114499997273,8.59393288755373,6.65117811457748,31.0600329032013,19.1035742239518,7.52111080662854,15.9280765645225,11.0514585869187,..,..,..,12423651.0
Burkina Faso,BFA,2022,,..,..,,25.3987999,827.330843486661,113.996146792235,2.73508485346058,,27.2791369742712,,,,,..,..,..,..,..,..,..,..,..,..,..,..,..,..,..,..,..,..,..,..,..,..,..,..,..,..,..,..,..,12837283.0
Burkina Faso,BFA,2024,51.4274911911242,44.9327417909989,44.6317761441316,44.1573641486017,28.25270081,981.992649769081,116.5895933212,,,28.3352514896662,20.5498915198531,7.270127042522496,30.877599671271096,13.279764477330609,3.05094903895757,14.6317540316236,..,..,..,..,..,14.1801346975987,..,..,..,..,..,56.0208991212203,77.5329833748017,..,..,23.6207363602126,17.8168621508766,8.45171336560453,5.96985571659021,51.1241097660437,37.9570116825917,9.48220822055792,32.9436383478269,28.4448873837709,20.6835806013267,5.55338361192619,2.25390519474803,13704913.0
Burundi,BDI,2011,7.23798460936825,..,..,,1.110000014,230.069761381132,19.7014852266593,2.41098219750033,,11.5616652230006,7.23798460936825,,0.0,,..,..,..,..,..,..,..,..,..,..,..,..,..,..,..,..,..,..,..,..,..,..,..,3.30660962333304,3.30660962333304,..,..,..,..,5306995.0
Burundi,BDI,2014,7.10575863294663,..,2.24435573804427,0.746384649432944,1.04239212643994,250.544492155185,29.567783062348,3.04430328552892,,13.7839781740413,6.9434607228924,6.359373983513686,0.1622979100542299,0.5840867393787139,..,..,..,..,..,..,..,5.77036477270177,..,..,..,..,..,34.8990716707599,83.475974165276,..,..,..,..,1.61296269851951,1.61296269851951,..,..,4.00107348881573,4.00107348881573,..,..,..,..,5788031.0
Burundi,BDI,2017,,..,..,,2.6607485347534,246.060725714184,51.4533280518012,3.15484186783784,,16.6241273909209,,,,,..,..,..,..,..,..,..,..,..,..,..,..,..,..,..,..,..,..,..,..,..,..,..,..,..,..,..,..,..,5989337.0
Burundi,BDI,2021,,..,..,,6.777999878,264.980379269655,59.700785493419,3.17468700404787,,21.1108861865354,,,,,..,..,..,..,..,..,..,..,..,..,..,..,..,..,..,..,..,..,..,..,..,..,..,..,..,..,..,..,..,6934052.0
Burundi,BDI,2022,,..,..,,7.144800186,302.992505263552,56.2599912004244,3.3334139266028,,22.3202446002597,,,,,..,..,..,..,..,..,..,..,..,..,..,..,..,..,..,..,..,..,..,..,..,..,..,..,..,..,..,..,..,7194872.0
Burundi,BDI,2024,,..,..,,8.595999718,219.424830882698,,,,24.8302838651025,,,,,..,..,..,..,..,..,..,..,..,..,..,..,..,..,..,..,..,..,..,..,..,..,..,..,..,..,..,..,..,7768580.0
Cameroon,CMR,2011,14.8096124143559,..,..,,5.0,1513.96056994878,51.831042080032,1.73141743506803,,51.2229843034125,14.8096124143559,,0.0,,..,..,..,..,..,..,..,..,..,..,..,..,..,..,..,..,..,18.8115622214897,10.8814437855453,..,..,..,..,9.94099465541843,9.94099465541843,..,..,..,..,11399517.0
Cameroon,CMR,2014,12.1777346523732,..,4.8178582898087,1.79660492611163,16.2148722257524,1649.4433905949,77.2399893326772,1.97764898490158,,52.2993944376709,11.3510369228651,10.38112972626157,0.8266977295080995,0.9699071966035309,..,..,..,..,..,..,..,11.2230959012968,..,..,..,..,..,63.9611538633586,98.8740215827487,..,..,13.8224404589629,8.88164165261227,2.09380933024601,2.09380933024601,..,..,7.71559649363993,7.71559649363993,..,..,..,..,12494587.0
Cameroon,CMR,2017,34.5907908564962,..,24.5019316040605,15.1378298780813,23.2029719748646,1496.08951771242,83.4502920413828,1.90235273296126,,53.3115142121504,26.8667701820372,19.4529609784149,7.724020674458998,7.4138092036223,..,9.59394221298625,..,..,..,..,..,15.7817302912151,66.3909545649033,..,..,..,..,56.9708889330235,90.0844360467497,..,..,31.1152141597561,22.7034504530389,7.7040833960495,7.7040833960495,17.0096558884284,13.3035088421912,10.9206836851123,10.9206836851123,..,..,..,..,13757656.0
Cameroon,CMR,2021,51.6548130092196,..,47.5803030836414,42.4330277598216,38.89260101,1672.32657340872,80.8081013360278,,37.7,54.5548664463635,23.5348523029986,9.221785249398003,28.119960706221,14.313067053600598,5.0814155486877,8.86038011740412,..,..,..,..,..,19.3269885636218,..,..,..,..,..,59.0254555017101,72.6380500628728,..,..,26.9001699958606,20.294823658548,11.4967210318556,6.98130693005087,46.2621997326724,38.7464138918712,8.61439781349746,23.4675410138916,18.301473998245,..,..,..,15526137.0
Cameroon,CMR,2022,,..,..,,40.12559891,1604.87726954895,89.8274190453067,,,54.8458745688318,,,,,..,..,..,..,..,..,..,..,..,..,..,..,..,..,..,..,..,..,..,..,..,..,..,..,..,..,..,..,..,16010925.0
Cameroon,CMR,2024,60.8737908565624,56.2458144859644,56.4561863830592,55.0654518411428,46.25880051,1830.00833684727,108.213130152497,,,55.4031748609078,20.9972994048439,5.808339015419598,39.8764914517185,15.188960389424302,7.21072901535931,10.0422920717433,..,..,..,..,..,20.6007436979009,51.7779453677212,..,..,..,..,65.6565630265154,69.040763766389,..,..,25.7333906121327,16.5445781841593,10.0801862789527,4.52922842587718,62.5927486822781,47.9885285066995,9.21628671660222,31.2446243997402,27.3944551008028,28.4263972306526,6.20179732415826,1.54153930660298,17054216.0
Central African Republic,CAF,2011,3.30080913421627,..,..,,2.200000048,534.057281471636,21.7401847658532,0.936583522482484,,38.8030669465007,3.30080913421627,,0.0,,..,..,..,..,..,..,..,..,..,..,..,..,..,..,..,..,..,..,..,..,..,..,..,2.47453909775814,2.47453909775814,..,..,..,..,2450718.0
Central African Republic,CAF,2014,,..,..,,2.700000048,409.8504859647,24.9962039132355,0.979270476137627,,39.6226521868738,,,,,..,..,..,..,..,..,..,..,..,..,..,..,..,..,..,..,..,..,..,..,..,..,..,..,..,..,..,..,..,2383064.0
Central African Republic,CAF,2017,13.745946426537,..,6.35585927578138,,4.0,432.324025684263,24.5204193752763,0.707527145458147,,40.8151443386334,13.745946426537,,0.0,,..,7.27052904673065,..,..,..,..,..,8.41579382392956,..,..,..,..,..,39.7316525888136,77.026879000963,..,..,18.0825013448328,9.71761748965302,4.46481779214819,4.46481779214819,..,..,5.74875947576674,5.74875947576674,..,..,..,..,2443487.0
Central African Republic,CAF,2021,,..,..,,,492.263142830507,35.8169832358522,,68.8,42.8547782897949,,,,,..,..,..,..,..,..,..,..,..,..,..,..,..,..,..,..,..,..,..,..,..,..,..,..,..,..,..,..,..,2607002.0
Central African Republic,CAF,2022,,..,..,,13.75360012,467.359825026238,38.8217901039988,,,43.2751967457285,,,,,..,..,..,..,..,..,..,..,..,..,..,..,..,..,..,..,..,..,..,..,..,..,..,..,..,..,..,..,..,2589027.0
Central African Republic,CAF,2024,,..,..,,13.78250027,516.160999996036,,,,44.1243555638904,,,,,..,..,..,..,..,..,..,..,..,..,..,..,..,..,..,..,..,..,..,..,..,..,..,..,..,..,..,..,..,2718473.0
Chad,TCD,2011,8.95974560162476,..,..,,1.899999976,1308.1421872538,28.7390189115685,0.678959411016922,,21.9558736797638,8.95974560162476,,0.0,,..,..,..,..,..,..,..,..,..,..,..,..,..,..,..,..,..,..,..,..,..,..,..,6.83930456657733,6.83930456657733,..,..,..,..,6537414.0
Chad,TCD,2014,12.4333450664986,..,6.50462850220516,5.75010661597306,2.900000095,1278.78981422494,37.0123277165075,0.960813503838167,,22.5294513486009,7.69949805991659,6.68323845052554,4.7338470065820095,1.0162596093910494,..,..,..,..,..,..,..,7.8037333742894,..,..,..,..,..,48.5778533630564,93.9607543483226,..,..,..,..,2.35957566343116,2.35957566343116,..,..,4.62941980675713,4.62941980675713,..,..,..,..,7306059.0
Chad,TCD,2017,21.7591926547872,..,17.3154234461275,15.233409757356,6.351900101,854.46120040098,40.7648866631048,1.0114493505855,,23.461349471105,8.75349682388744,6.525782897431199,13.005695830899759,2.2277139264562393,..,6.43313958574545,..,..,..,..,..,8.22101685505824,..,..,..,..,..,26.8785689306733,59.2133473475247,..,..,..,..,3.85755283174618,3.85755283174618,19.7887312418944,10.9052792836118,2.53031628854435,2.53031628854435,..,..,..,..,8061530.0
Chad,TCD,2021,,..,..,,9.653699875,946.358500208374,58.0323175441615,0.845197985403876,,25.2312246423075,,,,,..,..,..,..,..,..,..,..,..,..,..,..,..,..,..,..,..,..,..,..,..,..,..,..,..,..,..,..,..,9327365.0
Chad,TCD,2022,23.6513333879631,..,15.8923926244144,12.0867651642758,11.17029953,966.036468278568,65.4377795535985,,44.8,25.7635558629694,18.3170383078721,11.5645682236873,5.334295080091,6.7524700841848,3.39215074274854,14.75814821498,..,..,..,..,..,10.6982454529697,..,..,..,..,..,38.3459444565144,68.1038889156305,..,..,19.4630319776341,17.2835498199581,9.985257091156,8.49065904725632,11.896448860418,12.2583976211465,7.62391119692678,9.05885016405395,4.66056001654436,..,..,..,9706813.0
Chad,TCD,2024,20.8983599359361,15.9149060218595,13.2087726138527,13.3358944308869,12.62689972,961.55975562506,72.9289782617702,,,26.9315292389497,15.0020897881618,7.5624655050492,5.896270147774299,7.4396242831126,3.85384667457243,10.7769301851158,..,..,..,..,..,8.69158745025877,..,..,..,..,..,45.5477898747124,75.9282402532935,..,..,16.2493112997712,13.8131945995707,11.4678366911108,9.76084030791544,15.1476467789559,11.6088686944894,9.44239510257721,14.0596476405708,7.24510558213321,4.08229404425757,2.00528480099953,1.5972153724198,10948408.0
Comoros,COM,2011,21.6946740447008,..,..,,5.5,1531.43789372951,32.3981821883195,2.29690861621464,,29.1136750253686,21.6946740447008,,0.0,,..,..,..,..,..,..,..,..,..,..,..,..,..,..,..,..,..,25.6971496339755,17.8929575737707,..,..,..,..,10.7650463852356,10.7650463852356,..,..,..,..,393974.0
Comoros,COM,2014,,..,..,,6.980000019,1615.71723662012,53.8297097833741,3.04321363359708,,30.0302906552932,,,,,..,..,..,..,..,..,..,..,..,..,..,..,..,..,..,..,..,..,..,..,..,..,..,..,..,..,..,..,..,427137.0
Comoros,COM,2017,,..,..,,8.478199959,1423.9248027797,61.9708221164076,3.23783168887459,,31.0996559689293,,,,,..,..,..,..,..,..,..,..,..,..,..,..,..,..,..,..,..,..,..,..,..,..,..,..,..,..,..,..,..,459468.0
Comoros,COM,2021,,..,..,,30.68120003,1554.97289190153,104.311430086999,5.12573830345948,,32.4124444313246,,,,,..,..,..,..,..,..,..,..,..,..,..,..,..,..,..,..,..,..,..,..,..,..,..,..,..,..,..,..,..,507235.0
Comoros,COM,2022,34.2501735467595,..,14.4655504775862,7.72590662461738,31.37409973,1465.479642862,100.549036907747,5.01440677639217,,32.7746035528748,30.5175092606015,26.524266922142118,3.7326642861579984,3.993242338459382,1.16745800490439,9.23793816200516,..,..,..,..,..,13.2702499850402,..,..,..,..,..,40.8047429380382,69.2917047119574,..,..,34.2684936143962,27.5047079439013,9.06506745486809,8.24640271522264,..,..,11.1690203425268,13.8171852133278,3.4791311947297,..,..,..,519544.0
Comoros,COM,2024,45.4593974142566,23.1367933916909,20.7629420217165,14.093786340933,32.51750183,1662.75663312504,,,,33.5392215673301,40.8476637365756,31.3656110733236,4.611733677681002,9.482052663251999,3.31856464464873,14.2223182523613,..,..,..,..,..,9.00528745843243,..,..,..,..,..,44.3154864062275,56.190199341802,..,..,44.4538132078101,37.6968399601916,10.6703831120884,9.65345130457784,18.6429399120281,10.1190256304954,15.2215944930162,20.2029609596695,8.738786994015,5.5944934010001,9.65555129194967,0.344559064075865,544924.0
"Congo, Dem. Rep.",COD,2011,3.6967262381342,..,..,,1.200000048,372.514273875789,22.081904226281,0.610506209726278,,39.7849692825859,3.6967262381342,,0.0,,..,..,..,..,..,..,..,..,..,..,..,..,..,..,..,..,..,..,..,..,..,..,..,1.49521968075751,1.49521968075751,..,..,..,..,38268837.0
"Congo, Dem. Rep.",COD,2014,17.4769843590534,..,9.08695948725853,9.20866414762376,3.0,489.175952097319,47.3232446178692,0.793977925239089,,40.9563873534225,10.9075909964322,8.268320211429641,6.5693933626212,2.6392707850025587,..,..,..,..,..,..,..,10.440130091745,..,..,..,..,..,65.2045653837019,90.4167419624822,..,..,13.2934163799498,8.54996712460262,2.95228987034971,2.95228987034971,..,..,4.72176703850993,4.72176703850993,..,..,..,..,42362118.0
"Congo, Dem. Rep.",COD,2017,25.8256750266961,..,19.8311393502411,16.0963405921963,,431.052559128788,40.6222618919854,0.873650173317786,,42.1127579403217,14.9951963586632,9.729334434499801,10.8304786680329,5.265861924163399,..,6.0581534603878,..,..,..,..,..,9.84553021629455,..,..,..,..,..,38.9366710629637,79.0827412419776,..,..,15.5822074841423,14.3918786524538,3.93936120220026,3.93936120220026,18.6024071340242,13.5206580335572,4.70535146425924,4.70535146425924,..,..,..,..,47179491.0
"Congo, Dem. Rep.",COD,2021,,..,..,,16.1595993,595.743074403567,47.2882541992485,,,43.6290681792218,,,,,..,..,..,..,..,..,..,..,..,..,..,..,..,..,..,..,..,..,..,..,..,..,..,..,..,..,..,..,..,53446916.0
"Congo, Dem. Rep.",COD,2022,27.4411307638978,..,24.1398959365537,22.6761834750621,17.99620056,687.738587554685,48.6773534153863,,,44.003287663813,9.62749157451024,4.7649472888357,17.81363918938756,4.8625442856745416,2.04091989710951,5.40553314521526,..,..,..,..,..,10.8559850299524,..,..,..,..,..,36.3743972555445,81.3141756405473,..,..,..,..,5.32093683459675,3.59412040892047,29.4683559525958,15.6883345328734,4.64848100195692,13.1352996645657,11.0129448823447,..,..,..,55179559.0
"Congo, Dem. Rep.",COD,2024,39.2140115142227,35.8637056226311,35.6695211588077,35.1182388076236,19.67350006,649.383338556725,58.532153345468,,,44.7455804408753,13.5068648234481,4.095772706599099,25.7071466907746,9.411092116848998,5.53781326151028,7.87178776257941,..,..,..,..,..,16.3614611849215,82.0730340781359,..,..,..,..,57.9627129792869,81.068558336377,..,..,15.4003536834955,11.4805488047837,8.82398129898338,4.97762790752274,41.4846021795806,28.3052786928692,8.45052844627554,26.6512554184658,23.9834764706151,17.824941441422,2.80107400273853,3.11606763323922,58973154.0
"Congo, Rep.",COG,2011,10.0480565895901,..,..,,5.6,3396.16505817952,84.2730931396327,0.313029949923034,40.9,62.5597508130231,10.0480565895901,,0.0,,..,..,..,..,..,..,..,..,..,..,..,..,..,..,..,..,..,12.5145296088604,7.55865872047357,..,..,..,..,5.94546443593077,5.94546443593077,..,..,..,..,2736349.0
"Congo, Rep.",COG,2014,17.0695977327512,..,6.39391996054484,1.98544604666037,7.110000134,3601.2365808718,99.0799617354116,2.55428307659748,,63.0075415618859,16.6836553836297,15.084151686090829,0.3859423491214997,1.5995036975388714,..,..,..,..,..,..,..,12.3117578642149,..,..,..,..,..,55.9035920764765,93.3978449902381,..,..,19.1590059913893,14.1875632505909,5.08118832167241,5.08118832167241,..,..,9.78648353775525,9.78648353775525,..,..,..,..,2903148.0
"Congo, Rep.",COG,2017,26.092748786452,..,14.1679149110127,6.23843906135376,8.649999619,2211.63309874797,94.4868175378447,3.1344179992437,,63.3544545340423,23.2579673827415,19.85430972509824,2.8347814037104975,3.4036576576432616,..,7.26461629284209,..,..,..,..,..,13.8695043908498,..,..,..,..,..,45.669753105175,78.4003832319765,..,..,27.3857109061916,19.1489279131411,5.19966743071298,5.19966743071298,..,..,7.37837525644308,7.37837525644308,..,..,..,..,3098878.0
"Congo, Rep.",COG,2021,47.1421557656699,..,42.3369316598311,36.7774408764788,30.02739906,2516.16255145432,95.8614998889206,2.81399044201204,,63.6179125824196,18.1228885337368,10.364714889191099,29.0192672319331,7.7581736445457,4.40022451781777,8.69434161575212,..,..,..,..,..,9.81704746924187,..,..,..,..,..,45.5676306071505,..,..,..,19.7670325190808,16.534256584837,10.0151081547113,6.18895241384633,41.1582474895853,32.5445455768159,5.43730859189645,20.3305732628039,17.562765798715,..,..,..,3444356.0
"Congo, Rep.",COG,2022,,..,..,,40.98669815,2620.83804267402,93.6259259161068,,,63.6422003342807,,,,,..,..,..,..,..,..,..,..,..,..,..,..,..,..,..,..,..,..,..,..,..,..,..,..,..,..,..,..,..,3545236.0
"Congo, Rep.",COG,2024,55.5760387811851,52.9683278141703,51.9396853125127,51.5921177135768,47.25159836,2482.2489948456,95.5319320614796,,,63.8866111699904,14.7200013718558,3.9839210676083,40.856037409329296,10.736080304247501,3.81999585445206,7.62915746135988,..,..,..,..,..,10.7054986747614,..,..,..,..,..,53.7904532881842,61.2621549409325,..,..,18.419958848482,11.0187079485956,6.3624480190278,3.52485494297872,55.9433457020094,47.2393186237405,5.17812632537751,28.6071446014837,26.1527536885437,27.7952081206076,2.63955580867861,2.9430089493601,3771545.0
Cote d'Ivoire,CIV,2011,,..,..,,2.900000095,1596.62826565998,75.4688103733356,4.24338290757093,,47.6797551269623,,,,,..,..,..,..,..,..,..,..,..,..,..,..,..,..,..,..,..,..,..,..,..,..,..,..,..,..,..,..,..,13034754.0
Cote d'Ivoire,CIV,2014,34.322022683895,..,27.5579624703815,24.2613765684891,10.0,1991.36539423404,90.1219840101242,4.64996028933913,,49.0173144557368,15.1362556502263,10.060646115405898,19.1857670336687,5.075609534820401,..,..,..,..,..,..,..,15.6388644398198,83.3963496653513,..,..,..,..,63.2309628734743,86.2831478885269,..,..,18.1196161970654,11.9811407353914,2.7058977676973,2.7058977676973,28.26349739709,20.0288505566168,8.85181146983917,8.85181146983917,..,..,..,..,14219499.0
Cote d'Ivoire,CIV,2017,41.3309551965021,..,35.3891650286009,34.053173436656,43.8399208514876,1964.29930338343,118.755063895419,5.18797210369442,,50.3977309654344,14.7665969057908,7.2777817598461,26.564358290711304,7.488815145944699,..,6.3151500508143,..,..,..,..,..,12.6873915752426,..,..,..,..,..,48.982832717549,83.4160155096171,..,..,19.3169235297977,9.7843843204,2.70849515559381,2.70849515559381,37.8876734585302,29.8547288311915,6.43899308567922,6.43899308567922,..,..,..,..,15396568.0
Cote d'Ivoire,CIV,2021,50.7622911401206,..,45.7722515079866,40.3959431462118,35.95069885,2455.98127641148,150.343798608733,4.73960023535429,37.5,52.3183461956059,20.5734957040915,10.366347993908803,30.188795436029103,10.207147710182696,4.51940089905513,6.75884380707379,..,..,..,..,..,12.2847894572995,..,..,..,..,..,42.7883695719875,73.9597779512796,..,..,27.2896428138412,13.8214644168711,7.74183995737473,4.09186234879788,50.8939172013437,29.8418787229089,5.87970428433739,19.539438159552,16.3976844092562,..,..,..,17197009.0
Cote d'Ivoire,CIV,2022,,..,..,,38.41328122,2333.37128301259,161.231833444196,4.19885052219563,,52.8492549676673,,,,,..,..,..,..,..,..,..,..,..,..,..,..,..,..,..,..,..,..,..,..,..,..,..,..,..,..,..,..,..,17731631.0
Cote d'Ivoire,CIV,2024,57.5676269730853,53.9377969163425,55.3326950320441,53.3817787682129,41.43219902,2727.8935220697,183.875985110648,,,53.9733113940142,16.8252204502837,4.1858482048724,40.742406522801595,12.639372245411309,3.03544822401927,8.47347267886546,..,..,..,..,..,16.8594840428034,..,..,..,..,..,64.2959056226296,78.1133845394943,..,..,21.172842867726,12.3401058342197,6.24464494696516,3.9065452060981,57.720592327979,48.905751587193,8.39365452386094,35.6445848808043,32.3531388941145,28.4634323633979,5.12812138569144,5.86107581361348,18882276.0
Eswatini,SWZ,2011,28.5694412970381,..,..,,18.13,4225.06049411911,68.5737493883254,6.9188667190734,,22.4634753665393,28.5694412970381,,0.0,,..,..,..,..,..,..,..,..,..,..,..,..,..,..,..,..,..,29.7359490084751,27.4139533987126,..,..,..,..,17.7559971126301,17.7559971126301,..,..,..,..,689118.0
Eswatini,SWZ,2014,,..,..,,25.0,3771.07228381938,80.6829892484285,6.56752558479532,,23.026850446568,,,,,..,..,..,..,..,..,..,..,..,..,..,..,..,..,..,..,..,..,..,..,..,..,..,..,..,..,..,..,..,713404.0
Eswatini,SWZ,2017,,..,..,,35.33160019,3853.09956569679,88.7130405501664,6.1770507465309,,23.8052004963161,,,,,..,..,..,..,..,..,..,..,..,..,..,..,..,..,..,..,..,..,..,..,..,..,..,..,..,..,..,..,..,741482.0
Eswatini,SWZ,2021,,..,..,,53.99530029,3984.00229174306,118.627490794327,6.19650671933697,,25.0156180525173,,,,,..,..,..,..,..,..,..,..,..,..,..,..,..,..,..,..,..,..,..,..,..,..,..,..,..,..,..,..,..,792913.0
Eswatini,SWZ,2022,66.175800988905,..,60.7636374526001,56.7443942292523,57.34370041,3894.1620089869,121.491701239707,6.11650411207474,,25.396682918542,38.4701268980029,9.431406759652695,27.705674090902093,29.038720138350214,27.5239998662428,27.6262296188203,..,..,60.9719643398721,45.6382590872702,..,17.8380648336977,..,..,78.742620389346,..,..,58.2447951323243,..,..,..,42.3720297983619,35.3603512389661,32.7146887236616,9.62699461541919,52.1527427247287,60.4038922865295,13.9584594944704,33.4315684987629,25.5095533151833,..,..,..,805088.0
Eswatini,SWZ,2024,65.1160267166079,56.5902097541757,55.6189012639554,50.4069175550071,63.40309906,3909.55892378182,139.833459658744,,,26.2498461258639,43.1356221547265,14.709109161600807,21.980404561881407,28.426512993125698,17.4413479739861,29.1950319005946,..,35.494739684088,55.1143951321009,38.7690025722273,..,22.3937387184562,..,46.6759439754367,67.6972610340999,..,..,58.3015914248017,..,..,..,45.0968662190463,41.6322258202006,23.5092468210995,8.71834771539593,51.0170367241267,49.9392292447322,14.4991741302352,30.2283656020238,22.6070554085944,10.6408982974379,18.8765190444714,4.94682358895782,828313.0
Ethiopia,ETH,2011,,..,..,,1.100000024,343.024942351887,15.1655003216856,1.88152362283383,,17.863790512085,,,,,..,..,..,..,..,..,..,..,..,..,..,..,..,..,..,..,..,..,..,..,..,..,..,..,..,..,..,..,..,51066407.0
Ethiopia,ETH,2014,21.7915817461286,..,3.61455553062968,0.02789486415923,7.699999809,549.986577082588,30.1536033852735,,,19.0262870788574,21.7915817461286,21.76368688196937,0.0,0.02789486415922937,..,..,..,..,..,..,..,4.46826567690117,..,..,..,..,..,48.1070116062815,96.7754256468119,..,..,22.6220561075517,21.0040311985886,7.36276216588019,7.36276216588019,..,..,13.6346769501849,13.6346769501849,..,..,..,..,57206297.0
Ethiopia,ETH,2017,34.827569921105,..,6.92755107706207,0.315928903727171,15.62440014,696.348429076216,36.1094836260863,,,20.3084850311279,34.827569921105,34.51164101737783,0.0,0.3159289037271691,..,13.2675967287337,..,..,..,..,..,10.557396286781,..,..,..,..,..,62.1826431476983,98.0220155552333,..,..,40.9438765977029,29.0754315174008,10.6594952757926,10.6594952757926,..,..,26.288827488103,26.288827488103,..,..,..,..,63859165.0
Ethiopia,ETH,2021,,..,..,,16.6981031,893.00983544905,52.8088633217211,,33.1,22.1067085266113,,,,,..,..,..,..,..,..,..,..,..,..,..,..,..,..,..,..,..,..,..,..,..,..,..,..,..,..,..,..,..,73204015.0
Ethiopia,ETH,2022,46.4800688214244,..,13.8870690948266,4.63840172118442,17.9836998,982.103161506992,56.9642988837987,12.0471750945074,,22.7367687225342,46.0486468187906,41.84166710023998,0.43142200263380204,4.20697971855062,0.646939867499471,10.8139444618285,..,..,..,..,..,7.63314673780338,..,..,..,..,..,53.0915137561123,91.4637204422794,..,..,54.6826000438185,37.8985053886189,5.02866856290871,4.60276074667681,..,..,22.6455164925943,22.9122447544482,1.53473463229195,..,..,..,75599449.0
Ethiopia,ETH,2024,48.8302767819942,16.0954993765574,16.1826432962564,9.45488963590303,21.94129944,1133.88279681719,65.0825091944922,,,23.6222839355469,48.4704021453687,39.37538714609117,0.35987463662549857,9.09501499927753,1.84609215805269,6.52339482166122,..,..,..,..,..,6.01960799403634,..,..,..,..,..,49.0748224352738,90.3417836872207,..,..,55.7827750191433,41.6159713320994,4.31621763895153,2.62244291737623,..,..,25.0975857845979,25.7860544426586,3.7586352140019,2.98753683515316,12.5883235363226,0.812439576280768,80477333.0
Gabon,GAB,2011,18.9465176301576,..,..,,18.0,10219.1139339454,133.010491109633,5.28596105379409,,86.5665383650315,18.9465176301576,,0.0,,..,..,..,..,..,..,..,..,..,..,..,..,..,..,..,..,..,20.7606037540527,17.1723565635735,..,..,..,..,8.66142452195831,8.66142452195831,..,..,..,..,1120131.0
Gabon,GAB,2014,33.014183227497,..,17.2629751780237,6.64842485100086,38.07120132,9201.36276648105,148.237590091786,,,87.6236017962969,30.154553647314,26.36575837649614,2.8596295801830003,3.7887952708178574,..,..,..,..,..,..,..,13.0768788086056,..,..,..,..,..,56.0127454041917,88.5172607509944,..,..,32.3274949083813,28.0983389952103,6.98642292046076,6.98642292046076,..,..,18.0087521194352,18.0087521194352,..,..,..,..,1253153.0
Gabon,GAB,2017,58.6019984230799,..,49.8689431007926,43.5779884387753,51.60490036,6921.73373135624,123.475497241411,,33.4,89.0009733256896,33.9846588320482,15.024009984304598,24.6173395910317,18.960648847743606,..,17.9511770817365,..,..,57.1451318064953,..,..,24.1281026209643,58.6501442894084,..,..,..,..,59.6024432410211,..,..,..,38.3640986517191,29.8599474025599,7.53443136102371,7.53443136102371,46.2588735433725,41.0530359591433,13.4619545343615,13.4619545343615,..,..,..,..,1366802.0
Gabon,GAB,2021,66.0899712589808,..,62.321184384698,57.4777731914634,65.76809692,8181.40914134656,132.30865873249,,,90.7881967286967,27.5526987934855,8.612198067517397,38.53727246549529,18.940500725968107,7.36077269887092,13.1354641175753,..,..,..,..,..,27.4960485541493,54.518046694413,..,44.3193909070016,..,..,61.4953051649178,..,..,..,35.4648376190108,20.5050695345604,12.1609379887153,5.47901592322107,60.7466822367183,54.5660372449478,11.2894643757603,27.4594078625995,21.8050149696998,..,..,..,1501559.0
Gabon,GAB,2022,,..,..,,67.67169952,8409.2074145028,123.233187164275,,,91.2243355459988,,,,,..,..,..,..,..,..,..,..,..,..,..,..,..,..,..,..,..,..,..,..,..,..,..,..,..,..,..,..,..,1536868.0
Gabon,GAB,2024,68.1812562934141,63.1165574850433,64.4313415450474,61.6415501329653,68.72090149,8230.04311451151,125.337107593999,,,91.8632094677575,24.8315311680186,6.5397061604487945,43.349725125395494,18.2918250075698,2.44478383962867,12.58990166495,..,..,..,..,..,22.4315723247953,60.7068431556011,..,..,..,..,69.6998433819944,..,..,..,30.327611410049,19.0450144331058,6.48899575403273,4.40509682033483,65.6794300033265,57.3902913422494,10.7495907635855,39.0609505897674,33.9835134469511,29.7656229436436,9.41099704867072,1.54074317883666,1612627.0
"Gambia, The",GMB,2011,,..,..,,10.87030029,710.608411468152,70.6308247268856,6.73277700304727,,56.6696692994225,,,,,..,..,..,..,..,..,..,..,..,..,..,..,..,..,..,..,..,..,..,..,..,..,..,..,..,..,..,..,..,1105615.0
"Gambia, The",GMB,2014,,..,..,,15.56000042,568.00453558864,105.505264889158,6.70613225498727,,58.6141799655551,,,,,..,..,..,..,..,..,..,..,..,..,..,..,..,..,..,..,..,..,..,..,..,..,..,..,..,..,..,..,..,1217625.0
"Gambia, The",GMB,2017,28.5604825414567,..,12.3552238460043,,22.5156002,642.522641296331,126.633674737607,6.63515350084427,,60.471712657237,28.5604825414567,,0.0,,..,16.7136158265641,..,..,..,..,..,11.4950395153214,..,..,..,..,..,45.8106878990826,75.5618209237258,..,..,32.6937017421755,24.7647799447907,5.09942339689622,5.09942339689622,..,..,9.59058122362879,9.59058122362879,..,..,..,..,1333457.0
"Gambia, The",GMB,2021,,..,..,,41.67309952,781.890925169531,108.847403542688,5.90016386364185,,62.7550706637859,,,,,..,..,..,..,..,..,..,..,..,..,..,..,..,..,..,..,..,..,..,..,..,..,..,..,..,..,..,..,..,1503772.0
"Gambia, The",GMB,2022,33.0110184489268,..,16.1322328377489,3.74562500412649,48.22539902,836.244875868476,106.782250509204,5.84073863278692,,63.2869880996278,31.3944838772151,29.26539344480031,1.6165345717116963,2.1290904324147917,0.244540390607708,11.6011493335678,..,..,..,..,..,16.1087897399543,..,..,..,..,..,51.2100444936464,88.6021042582447,..,..,37.3787163955265,25.8822621463546,5.79116163180675,5.57679222112835,..,..,16.6440950708389,16.8757717307862,0.698436296543242,..,..,..,1550656.0
"Gambia, The",GMB,2024,38.1609042069027,22.7662762490336,22.628533121825,19.0885437839158,49.49430084,871.340291776294,126.243773523653,,,64.2994103409645,30.8469116498275,19.0723604229869,7.313992557075199,11.7745512268406,0.795482811834014,9.80628626426489,..,..,..,..,..,8.39670165988736,..,..,..,..,..,56.4381633350272,79.2695778046129,..,..,34.4972745036017,27.4704525355669,5.50535364620728,5.14853348166326,20.1370498705936,18.1187119960812,20.0648299010009,24.773595129681,11.3811526691951,4.39133494362068,10.6142544758664,0.937110086614249,1649148.0
Ghana,GHA,2011,29.4253535855083,..,..,,9.0,1507.43573198753,81.1104488323626,5.12732534076499,,51.3304086646488,29.4253535855083,,0.0,,..,..,..,..,..,..,..,..,..,..,..,..,..,..,..,..,..,31.845334833461,27.088298008763,..,..,..,..,16.1385716122432,16.1385716122432,..,..,..,..,15915583.0
Ghana,GHA,2014,40.5057942389551,..,19.9694308288046,13.0065504347846,19.0,1949.90832923846,108.270496910446,5.78280157615342,,53.0663398797148,34.6183758293809,27.499243804170497,5.887418409574195,7.119132025210405,..,..,..,..,..,..,..,9.35722982638749,..,..,..,..,..,55.3160442955439,90.2741284568652,..,..,35.2722441290963,33.9852410447601,8.32938347694014,8.32938347694014,14.2126782036744,11.8386677808716,18.5901848149067,18.5901848149067,..,..,..,..,17173608.0
Ghana,GHA,2017,57.7175264186459,..,43.4067522480397,38.9477818238621,37.88420105,2012.28662641265,122.471765695646,8.18942857617273,,54.6991419779128,42.284165843761,18.769744594783802,15.433360574884901,23.5144212489772,..,15.4127255069727,..,..,70.0621457261539,..,..,16.2302765841998,..,..,..,..,..,50.2400169470116,49.1905858404834,43.2657821459096,..,46.2903713896261,38.3566720653047,11.5967974481565,11.5967974481565,44.2139266546572,33.7851033684981,16.1907458894748,16.1907458894748,..,..,..,..,18564499.0
Ghana,GHA,2021,68.2303947936909,..,63.6486980955894,59.687930439756,68.6,2445.18662529344,124.402625384529,11.1692929390992,,56.6952556826536,39.1966216447679,8.542464353934903,29.033773148923004,30.654157290833,11.9736572115268,11.9114113853656,..,..,..,..,..,20.2295972692107,58.4072152996742,..,..,..,..,68.5652771093343,77.3792776978701,..,..,47.2949881613232,31.5067645072489,17.1953840177995,7.39666503308489,64.6228627269037,55.0019330606653,21.061655277755,45.7955090512731,36.7267224976712,..,..,..,20527095.0
Ghana,GHA,2022,,..,..,,69.91329956,2229.89122647803,120.803416027053,5.74588585335902,,57.250609602871,,,,,..,..,..,..,..,..,..,..,..,..,..,..,..,..,..,..,..,..,..,..,..,..,..,..,..,..,..,..,..,21040055.0
Ghana,GHA,2024,81.2430252454858,79.2804741810748,78.8788905445388,78.2813635015091,72.17569733,2390.77237652715,113.647966704673,,,58.3654868038581,38.7411033756908,2.9616617439766912,42.501921869795,35.77944163171411,21.9270780258923,11.7685198524821,..,..,..,..,..,22.4707760673512,..,..,74.0842611673912,61.5308990771445,..,82.013131395832,61.9882357098869,..,..,46.6233055835751,31.4639377571089,29.4869403544161,10.1231491430945,81.0431670791543,75.731555527741,25.9405495179206,67.1980947785854,61.3650941820314,23.8887930473313,14.6986097080969,4.82656534942538,22096158.0
Guinea,GIN,2011,3.68785001184746,..,..,,2.0,636.694958747648,45.6101779050204,1.56858492668315,,34.0732054685603,3.68785001184746,,0.0,,..,..,..,..,..,..,..,..,..,..,..,..,..,..,..,..,..,..,..,..,..,..,..,2.0361637126878,2.0361637126878,..,..,..,..,5941179.0
Guinea,GIN,2014,6.96001725661614,..,3.73633945684631,1.47328565205696,6.400000095,765.146999389279,75.686895511554,2.39212231906409,,34.8177920826682,6.17012732261294,5.486731604559179,0.7898899340031997,0.6833957180537604,..,..,..,..,..,..,..,7.93360493932349,..,..,..,..,..,45.194101488746,95.5525128357855,..,..,..,..,2.61753423837207,2.61753423837207,..,..,2.87447987362418,2.87447987362418,..,..,..,..,6477609.0
Guinea,GIN,2017,23.4860350255293,..,15.8923782340798,13.780468730052,18.70000076,833.598621691121,94.4640894763856,2.66011458515084,,35.5827331542969,14.6278775039943,9.7055662954773,8.858157521535,4.922311208516998,..,10.100301446853,..,..,..,..,..,11.1829408490475,..,..,..,..,..,39.0894433323918,60.6252112323564,..,..,15.7583505287789,13.4863677178159,5.83781461004454,5.83781461004454,17.6287179897257,9.89464917198827,6.45726037588211,6.45726037588211,..,..,..,..,7077361.0
Guinea,GIN,2021,30.4403355352872,..,25.0384083166745,21.5100207943747,28.61330032,1244.96550477914,110.185519681138,2.62989455774448,,36.8502178436256,13.7707459061996,8.9303147409125,16.6695896290876,4.840431165287104,2.14332097271208,9.12840812791696,..,..,..,..,..,9.29926995618873,..,..,..,..,..,44.6706118408685,75.0245546839945,..,..,16.7542759547876,10.8041456878463,7.85585714178562,6.1075079364787,26.2698627979798,16.7771881775541,4.89636380560291,12.9170260479269,9.48933274825653,..,..,..,7969968.0
Guinea,GIN,2022,,..,..,,31.31399918,1416.59612011764,95.3174629318803,2.74008514999744,,37.2384967469106,,,,,..,..,..,..,..,..,..,..,..,..,..,..,..,..,..,..,..,..,..,..,..,..,..,..,..,..,..,..,..,8212454.0
Guinea,GIN,2024,36.0480250155865,29.2540979734434,27.1449087041641,25.8219395095297,33.30469894,1694.95375862193,,,,38.0713036688655,16.903357058626,10.226085506056798,19.144667956960497,6.677271552569202,5.86424241072977,11.2847359708932,..,..,..,..,..,5.90851440538097,..,..,..,..,..,51.41961195603,68.4409503619392,..,..,18.0650811742965,15.7421098861657,10.8408532183455,6.1589339998156,31.0028487150947,20.64315731453,6.83314377730161,23.3317982307508,19.7207108431268,13.4991893430311,2.06709786145302,1.17224836577663,8719907.0
Kenya,KEN,2011,42.3434543670765,..,..,,8.800000191,1096.14499807675,65.6730161546273,4.96662661654739,,31.8673949025409,42.3434543670765,,0.0,,..,..,..,..,..,..,..,..,..,..,..,..,..,..,..,..,..,45.6456419128242,39.1788059462997,..,..,..,..,23.2819688364814,23.2819688364814,..,..,..,..,24188240.0
Kenya,KEN,2014,74.6578329382712,..,66.2191486178072,58.3926336777741,16.5,1482.81566253497,73.0327455558393,5.59007849094665,,31.7931545274563,55.2055402464336,16.2651992604971,19.4522926918376,38.9403409859365,..,..,..,..,..,..,..,21.6178019061974,..,..,60.3096090863705,..,..,76.0648717569819,61.613503280417,37.271495088715,..,58.9164220421045,51.9369110006152,15.958119776614,15.958119776614,62.3527831846295,54.9044437518591,30.1837822347094,30.1837822347094,..,..,..,..,26505639.0
Kenya,KEN,2017,81.5675646333189,..,76.4111969626287,72.9316807234182,17.82710075,1667.48447230835,87.026530838819,5.36574832342722,,31.5383650847102,55.717951716171,8.635883909900699,25.849612917147894,47.0820678062703,..,19.3331195565047,..,61.2135097904593,76.1582771288441,..,..,28.4347025884766,37.6028628151698,..,60.4713359148488,37.3242828208681,..,70.3241740301593,51.4453495623334,46.3859426075419,37.3028259267255,65.4957921354944,46.9648043951933,19.2382391211065,19.2382391211065,76.8989865647738,69.3801385620088,26.7844119301767,26.7844119301767,..,..,..,..,29019990.0
Kenya,KEN,2021,79.1951576168317,..,75.5558799743751,68.6586915682757,26.96290016,2061.35622089594,122.297519656734,4.58748945688963,38.6,31.2879334021971,50.5732474178534,10.536466048555994,28.62191019897829,40.036781369297415,29.6369870123126,17.2063149831794,..,..,73.2107314794015,..,..,24.1285199426547,..,..,75.6136760486134,60.5440791246106,..,66.7671320369555,33.8302876096204,62.9346564713506,54.1505262940593,56.6988435138565,44.7684844256706,39.6867384230357,22.1745117338,71.4192115036634,66.0427561215072,21.4531739032776,45.0110991275483,37.2453264493391,..,..,..,32630018.0
Kenya,KEN,2022,,..,..,,29.40589905,2109.56288513137,121.168999135357,4.50609721979159,39.8,31.4307820066946,,,,,..,..,..,..,..,..,..,..,..,..,..,..,..,..,..,..,..,..,..,..,..,..,..,..,..,..,..,..,..,33597873.0
Kenya,KEN,2024,90.1199173733613,89.4038658611594,88.1083689177359,87.4994112747318,34.97622513,2132.43452097647,126.477706000949,,,31.8937831721599,45.4278443671719,2.6205060986295052,44.6920730061894,42.80733826854238,32.3654073107561,17.1889204537774,..,59.054200075573,81.2734184848501,..,..,26.2883447955206,..,..,81.1812050561477,70.7290405709424,..,70.1941670327483,..,71.1878614536339,63.4686142269893,57.3062136250947,34.0700646492522,37.5464332767464,12.6129604153793,91.6719907971862,83.5097020779134,20.1488814386545,54.4225878392456,50.4706093324556,30.6089852498233,11.5772330070956,1.33913521653188,35645272.0
Lesotho,LSO,2011,18.4970245352396,..,..,,7.0,1280.73390931581,61.1891009424486,3.36767339691092,,28.6150355175921,18.4970245352396,,0.0,,..,..,..,..,..,..,..,..,..,..,..,..,..,..,..,..,..,20.2422583149585,16.8664293417893,..,..,..,..,7.8963269967634,7.8963269967634,..,..,..,..,1278495.0
Lesotho,LSO,2014,,..,..,,22.0,1173.5377928819,102.821994635806,3.53967943778092,,32.6404409096604,,,,,..,..,..,..,..,..,..,..,..,..,..,..,..,..,..,..,..,..,..,..,..,..,..,..,..,..,..,..,..,1319092.0
Lesotho,LSO,2017,45.5638157306439,..,33.48947053215,27.6418432079782,39.0,1069.36673247542,110.370078484639,3.74562539223058,49.7,36.5283648068846,33.3214801090339,17.9219725226657,12.242335621610003,15.399507586368195,..,19.5583788177812,..,..,..,..,..,15.4113380656453,..,..,..,..,..,39.5405440599768,..,..,..,33.6576848070543,33.007483214308,5.57385617104159,5.57385617104159,24.2706826097978,30.7903237785466,8.80113263149461,8.80113263149461,..,..,..,..,1369892.0
Lesotho,LSO,2021,,..,..,,45.05670166,1066.58645143823,80.5368195682415,3.59159566614123,,40.6551760851997,,,,,..,..,..,..,..,..,..,..,..,..,..,..,..,..,..,..,..,..,..,..,..,..,..,..,..,..,..,..,..,1456499.0
Lesotho,LSO,2022,63.6349094307918,..,54.6163828109963,45.8779245511461,48.06959915,1030.12582947757,68.1001351640997,3.5472616782095,,41.6703965165322,44.3659163348698,17.7569848796457,19.268993095922,26.608931455224102,9.92072386673323,22.2372602918247,..,..,45.6296414423181,..,..,24.0703574033554,..,..,55.1891721033531,..,..,53.8290592345677,..,..,..,46.8374872499668,42.1593152976902,19.3526039761815,12.5517218611662,47.3966477306857,44.5220192349399,16.4766894868007,30.7892414120121,24.5533136584552,..,..,..,1479188.0
Lesotho,LSO,2024,61.5710444951092,56.4115624890578,54.5723848913296,53.4728194557147,51.79660034,971.90771824829,70.328049309004,,,43.6780334209246,33.5292030790839,8.0982250393945,28.0418414160253,25.4309780396894,13.1830162500053,17.0635068452328,..,..,60.6908392726742,..,..,20.5660409105589,..,..,63.2957627172659,..,..,54.1563266326388,..,..,..,39.0520077547525,28.8246995527797,16.6503495190865,6.96705214733458,53.5584217255487,53.3999006755036,12.9092052013229,34.5302989454238,29.9462714351987,12.6197491290839,13.7183031228493,6.16938046512008,1530561.0
Liberia,LBR,2011,18.8014652359501,..,..,,2.5,568.087865520004,47.8690308724247,3.60188152238967,,48.6583302770849,18.8014652359501,,0.0,,..,..,..,..,..,..,..,..,..,..,..,..,..,..,..,..,..,22.992349353381,14.6839442690309,..,..,..,..,13.9253093178251,13.9253093178251,..,..,..,..,2419654.0
Liberia,LBR,2014,,..,..,,5.409999847,706.714490064507,70.6628167823582,3.63169231066423,54.1,50.2198153156642,,,,,..,..,..,..,..,..,..,..,..,..,..,..,..,..,..,..,..,..,..,..,..,..,..,..,..,..,..,..,..,2625133.0
Liberia,LBR,2017,35.7138396642468,..,24.1334250184923,20.8433918876049,16.29999924,699.269095727404,54.8575199657656,2.96385506459578,,51.7957569553849,21.5834357764659,14.8704477766419,14.130403887780897,6.712987999824001,..,8.9882223317178,..,..,..,..,..,14.8320064924894,77.5999782837347,..,..,..,..,68.0941446156456,88.086085127907,..,..,29.4253395207922,14.1263642547086,8.08966507689169,8.08966507689169,23.4758832292679,18.3400869688993,10.8791162654485,10.8791162654485,..,..,..,..,2805890.0
Liberia,LBR,2021,51.6311457560752,..,42.5914608757732,36.2960665730417,26.38229942,667.96610514319,31.429900768597,3.13370541732795,,53.9224618859098,28.5893414057709,15.3350791830335,23.0418043503043,13.254262222737395,2.82911137092949,11.396662370188,..,..,..,..,..,14.0970445427485,..,..,..,..,..,58.0603353188977,60.3645187125005,..,..,38.3085378314004,19.2253365286684,16.5533873979961,15.4147645696547,40.3117824954402,32.4271064413957,12.6776550946289,21.9860621110564,15.1143879910291,..,..,..,3105315.0
Liberia,LBR,2022,,..,..,,30.38010025,744.617175237387,32.0638885570006,3.04384950573908,,54.4591057083,,,,,..,..,..,..,..,..,..,..,..,..,..,..,..,..,..,..,..,..,..,..,..,..,..,..,..,..,..,..,..,3197964.0
Liberia,LBR,2024,52.2139331485699,48.3566448674473,47.8595236646251,47.5292537260812,32.23360062,851.497723870206,,,,55.5387986654968,13.8832555942459,4.684679422488699,38.330677554324,9.198576171757203,4.91068551361085,8.8361624428961,..,..,..,..,..,14.8991675959505,72.5440413593198,..,..,..,..,70.1699349948463,81.9190933908511,..,..,18.7170708784855,9.03534217070421,12.5289961728471,8.85745249965925,52.9752549681816,42.0673688641825,6.26889568047264,30.1261589080675,26.8254951413573,20.3523084364797,3.13579492686863,8.32714631481114,3394093.0
Libya,LBY,2011,,..,..,,14.0,7593.8391525702,157.649061523019,11.6325975402685,,88.0970458984375,,,,,..,..,..,..,..,..,..,..,..,..,..,..,..,..,..,..,..,..,..,..,..,..,..,..,..,..,..,..,..,
Libya,LBY,2014,,..,..,,17.76000023,8926.42074591474,132.203934123012,12.7928098637373,,88.0142059326172,,,,,..,..,..,..,..,..,..,..,..,..,..,..,..,..,..,..,..,..,..,..,..,..,..,..,..,..,..,..,..,
Libya,LBY,2017,65.6675223019684,..,20.7629973584772,,47.5,9965.83236729757,89.333810176041,12.2493449435952,,87.8166729870528,65.6675223019684,,0.0,,..,23.1367691067265,..,60.9446497339832,62.9921882295685,..,..,17.2161103453448,68.5096311967509,..,..,..,..,61.3263711060076,..,..,..,70.6883414894674,59.6209608011448,8.38457729379851,8.38457729379851,..,..,17.0972415201566,17.0972415201566,..,..,..,..,
Libya,LBY,2021,,..,..,,77.438797,4935.82787349801,195.117849246865,12.1667982475637,,87.8365018271835,,,,,..,..,..,..,..,..,..,..,..,..,..,..,..,..,..,..,..,..,..,..,..,..,..,..,..,..,..,..,..,
Libya,LBY,2022,,..,..,,80.64720154,5986.63694851258,192.97309381967,12.2826533315264,,87.8486088593786,,,,,..,..,..,..,..,..,..,..,..,..,..,..,..,..,..,..,..,..,..,..,..,..,..,..,..,..,..,..,..,
Libya,LBY,2024,33.1190908215163,22.7030235988233,..,,81.95449829,6569.16408678648,,,,87.8854066107749,33.1190908215163,,0.0,,..,..,..,..,..,..,..,..,..,..,..,..,..,36.9997340340632,..,..,..,41.4206818482174,24.6960239810713,12.1744830118449,12.1744830118449,..,..,15.8755743489572,15.8755743489572,..,..,..,..,
Madagascar,MDG,2011,5.52322253357914,..,..,,1.899999976,506.163691559309,38.0363591750174,1.4800860298047,,28.1336807024963,5.52322253357914,,0.0,,..,..,..,..,..,..,..,..,..,..,..,..,..,..,..,..,..,..,..,..,..,..,..,1.37609964336739,1.37609964336739,..,..,..,..,12857544.0
Madagascar,MDG,2014,8.55133873697858,..,4.89813459116823,4.35601865460848,3.700000048,505.684922503435,39.2252725571455,1.84157666728029,,28.9185894345838,5.72748862431776,4.195320082370101,2.8238501126608204,1.5321685419476605,..,..,..,..,..,..,..,26.3629462710204,97.6033529317729,..,..,..,..,39.670146526716,99.2659838256924,..,..,..,..,2.00407924564631,2.00407924564631,..,..,3.26036306741358,3.26036306741358,..,..,..,..,14267857.0
Madagascar,MDG,2017,17.8678713278643,..,12.1377841947647,12.0553027097542,6.406000137,491.866848718929,32.5906255978573,2.2541656820793,,29.671033028335,9.56966919703177,5.812568618110101,8.29820213083253,3.757100578921669,..,5.16671303433834,..,..,..,..,..,28.0320599584692,83.8462374675857,..,..,..,..,44.2870491211488,88.5708457005781,..,..,..,..,3.80854333516206,3.80854333516206,12.1593121232761,11.9624646003107,3.96118041141,3.96118041141,..,..,..,..,15740604.0
Madagascar,MDG,2021,,..,..,,13.74590015,483.469463351195,53.9177233784298,2.88755578161427,75.2,31.1137123216036,,,,,..,..,..,..,..,..,..,..,..,..,..,..,..,..,..,..,..,..,..,..,..,..,..,..,..,..,..,..,..,17774597.0
Madagascar,MDG,2022,26.2978246175134,..,22.1238986452478,19.0270987839053,17.81170082,503.51453347296,64.7494924066919,2.88211368009669,,31.5397813465886,13.9970190675042,7.2707258336081,12.3008055500092,6.726293233896101,4.32412693567096,7.30813519776173,..,..,..,..,..,16.021719135104,..,..,..,..,..,29.8302926095501,75.7358372598043,..,..,15.9319588133791,12.2355959811409,8.67939517069907,5.83965966516591,20.0700413094453,18.0776826348224,3.51675585821452,11.5372567311312,9.47840270680914,..,..,..,18303101.0
Madagascar,MDG,2024,24.4501397197571,20.4746757400673,19.0345994399942,19.3550167093779,18.67790031,544.987501003384,,,,32.4339893339844,9.45326625355516,5.095123010379201,14.99687346620194,4.3581432431759595,4.42213724383318,5.58961077856974,..,..,..,..,..,20.6554335365956,70.97050173815,..,..,..,..,29.3806618689516,80.9534384959453,..,..,..,..,6.78470826698089,2.76663594472231,24.3778254581318,14.7197776231893,4.77709030680504,11.0635447241608,7.90985933855892,7.82511626323618,2.75740924991837,1.26999275711949,19416519.0
Malawi,MWI,2011,16.5406103840842,..,..,,3.33,763.061000394572,25.8864481164849,1.0875235223305,,15.5523153908723,16.5406103840842,,0.0,,..,..,..,..,..,..,..,..,..,..,..,..,..,..,..,..,..,16.1718470814139,16.8824413712152,..,..,..,..,8.2432829956616,8.2432829956616,..,..,..,..,8212921.0
Malawi,MWI,2014,18.0924195504843,..,10.1557743332821,3.84410089795367,5.829999924,529.5133440206,33.8868400746068,3.33085758404657,,15.766154187056,16.1356668432323,14.248318652530632,1.9567527072520008,1.887348190701669,..,..,..,..,..,..,..,16.6742414381909,83.4984509946419,..,..,..,..,59.7115684704492,89.1949402634124,..,..,19.4868242636753,12.9861192297996,6.94907613078058,6.94907613078058,..,..,7.05400303917931,7.05400303917931,..,..,..,..,9021877.0
Malawi,MWI,2017,33.7139337223883,..,22.2745539548276,20.3028316584637,7.0,495.769683367165,43.0855088342582,2.2272604624794,,15.9634281867266,22.9912849837888,13.411102063924599,10.7226487385995,9.5801829198642,..,11.4953001812255,..,..,..,..,..,21.4919000144751,56.4100774767851,..,..,..,..,51.8270054325259,71.1452500318705,..,..,28.7900214820075,17.6859050561676,8.59992264049599,8.59992264049599,22.8300719515543,17.9906089997246,8.69729066793167,8.69729066793167,..,..,..,..,9986523.0
Malawi,MWI,2021,42.7078088726996,..,36.4110084138719,34.3476873787214,15.30300045,617.446994451007,59.5599408158462,1.99890254943215,,16.4881925800694,20.2217056087294,8.360121493978198,22.4861032639702,11.861584114751203,2.72036448875773,10.4319580251366,..,..,..,..,..,23.4328324591634,64.8642852533323,..,..,..,..,52.7127096306556,71.0497527160572,..,..,23.9107109070152,16.8777125856026,10.0533255443524,7.985792065226,38.8293837533079,30.2851392941865,6.74104123705311,21.2625325991597,17.4854642132341,..,..,..,11519791.0
Malawi,MWI,2022,,..,..,,16.84830093,604.269740360317,59.6495709408963,1.92929080891834,,16.7146031979436,,,,,..,..,..,..,..,..,..,..,..,..,..,..,..,..,..,..,..,..,..,..,..,..,..,..,..,..,..,..,..,11943555.0
Malawi,MWI,2024,50.3696725002439,47.6521252280978,45.2202689305811,47.3991978362086,18.96159935,522.570393642547,69.260530662121,,,17.268503531213,12.4066910444222,2.970474664035301,37.962981455821705,9.436216380386902,5.17543462986011,9.71580514091635,..,..,..,..,..,12.0211856547538,..,..,..,..,..,61.2850136319703,69.2033896458543,..,..,15.6327215381076,9.45220688596088,10.7842060441682,6.74001801708283,51.3829426360693,43.7507788502195,5.42690165085303,30.8739465833608,28.3593266798584,21.6093716459252,3.31035356357338,1.7242772444293,12840382.0
Mali,MLI,2011,8.21385340194332,..,..,,2.2,938.292902583696,65.7107159010821,4.10084669446867,,23.6379674039304,8.21385340194332,,0.0,,..,..,..,..,..,..,..,..,..,..,..,..,..,..,..,..,..,..,..,..,..,..,..,4.47911495708899,4.47911495708899,..,..,..,..,8673100.0
Mali,MLI,2014,20.0760415365477,..,9.44305871102969,11.6424546327963,7.0,947.915033288325,130.439571178385,5.45263568560256,,25.2656728660325,13.2534052215625,8.433586903751399,6.822636314985198,4.819818317811102,..,..,..,..,..,..,..,5.55704190156534,..,..,..,..,..,44.9048841015694,78.9674720698245,..,..,16.0681238538301,10.5269863149815,3.10895509349034,3.10895509349034,14.3830444070434,8.9878391092296,2.88798909999422,2.88798909999422,..,..,..,..,9378661.0
Mali,MLI,2017,35.4166789259965,..,27.3454051573977,24.3976485830717,18.89999962,924.057531692284,111.210305187838,4.9725072168618,,27.0646702892896,18.1539429704884,11.0190303429248,17.2627359555081,7.134912627563601,..,13.327292964282,..,..,..,..,..,12.81574182062,..,..,..,..,..,53.8096513600852,72.2991181774072,..,..,26.7679737274815,9.82830174443191,8.03821482789978,8.03821482789978,29.1173878915629,19.8359216434374,6.07278264142013,6.07278264142013,..,..,..,..,10324699.0
Mali,MLI,2021,43.5009858331426,..,33.5013872537546,29.3780615039295,33.95650101,1027.27345365357,108.693122357196,4.40841041398445,45.5,29.7049638253978,28.4429089637515,14.122924329213099,15.058076869391101,14.3199846345384,2.82503306207861,14.1953319216708,..,..,..,..,..,15.1369035164038,..,..,..,..,..,56.4900637291117,46.6587242146432,38.7713225282711,29.1622118026143,28.6048342780753,28.2901600204336,12.8451161660139,10.9840475808743,32.5900939172917,26.3480562259252,11.2029992493284,18.6487663022361,11.1940163376816,..,..,..,11858663.0
Mali,MLI,2022,,..,..,,35.19919968,976.914116406452,112.119852778009,4.10663919520599,,30.4015705681899,,,,,..,..,..,..,..,..,..,..,..,..,..,..,..,..,..,..,..,..,..,..,..,..,..,..,..,..,..,..,..,12286164.0
Mali,MLI,2024,54.7454806007539,51.3710356015132,48.6175962439418,48.3876158762192,36.80149841,1094.61949265799,,,,31.6075621182225,18.4475281208862,6.3578647245347,36.2979524798677,12.089663396351504,3.31145427009477,15.8497950366262,..,..,..,..,..,13.1440763654958,..,..,..,..,..,65.7998588126691,75.5229222640618,..,..,22.8104501118961,14.222759875734,11.7857481628562,8.92976363593537,56.3195856481169,40.706815237823,8.70116100339737,30.2106022127375,26.546285832885,22.2713507828875,6.41619379683577,3.07912445788864,13183613.0
Mauritania,MRT,2011,17.46181510476,..,..,,4.5,1931.19975525465,94.6316258570616,4.52342682753983,,47.1350407023691,17.46181510476,,0.0,,..,..,..,..,..,..,..,..,..,..,..,..,..,..,..,..,..,23.3032708309458,12.0874266736437,..,..,..,..,6.40927541861393,6.40927541861393,..,..,..,..,1964516.0
Mauritania,MRT,2014,22.8658821638402,..,11.0210761312512,6.48039601117427,11.80000019,1713.00865264234,97.5267336951353,7.60847881456189,34.3,50.4694791226856,20.4453831413017,16.38548615266593,2.4204990225385004,4.059896988635771,..,..,..,..,..,..,..,12.1209925962972,..,..,..,..,..,41.2015165147737,76.0560831434145,..,..,22.1676943505514,18.8134747428902,9.12443365745067,9.12443365745067,..,..,10.56835404337,10.56835404337,..,..,..,..,2146403.0
Mauritania,MRT,2017,20.872506347802,..,9.92918362624935,4.01237795113623,21.01720047,1615.00401327323,96.7595354581295,9.37137177376745,,54.1970448502004,19.0310601493684,16.86012839666577,1.841446198433598,2.170931752702632,..,10.7095364359714,..,..,..,..,..,13.0267817375109,..,..,..,..,..,41.7446409024715,75.5854860179249,..,..,24.5223833345327,13.5683355498487,9.24529499035456,9.24529499035456,..,..,9.13121640985781,9.13121640985781,..,..,..,..,2349507.0
Mauritania,MRT,2021,,..,..,,35.63660049,1947.78918383313,137.540323142707,12.2186396655904,,57.901535141641,,,,,..,..,..,..,..,..,..,..,..,..,..,..,..,..,..,..,..,..,..,..,..,..,..,..,..,..,..,..,..,2669798.0
Mauritania,MRT,2022,23.4559362292581,..,16.1954009574485,10.1619569362807,42.46450043,1960.35240077424,109.883898247552,11.3536148427181,,58.8120996197226,20.3959784994805,13.2939792929774,3.059957729777601,7.101999206503098,1.63373992919072,10.9199537710422,..,..,..,..,..,15.4177553322553,..,..,..,..,..,36.8289661891325,..,..,..,28.4323251043377,13.1328275846921,11.7006208166183,10.8309878870934,13.6446060547292,7.0143816294543,9.48118636505762,10.4934610524859,2.43644184206154,..,..,..,2761935.0
Mauritania,MRT,2024,27.3142609920985,15.7437450633517,18.2243929524609,,45.77939987,2110.12036938187,92.0748946443443,,,60.6068586411829,27.3142609920985,,0.0,,..,20.8895906013597,..,..,58.3030998210518,..,..,17.8550638143262,..,..,..,..,..,48.3171765514615,..,..,..,30.2658938456615,24.6801310105525,13.3304705517636,13.3304705517636,..,..,16.1072834215149,16.1072834215149,..,..,6.94844232562865,..,2961484.0
Mauritius,MUS,2011,80.1232107704602,..,..,,34.95000076,9324.24232310496,100.608971543233,21.6510061110727,,40.1665923228716,80.1232107704602,,0.0,,..,..,..,..,..,..,..,..,..,..,..,..,..,..,..,..,..,85.8156387778478,74.7327361658089,..,..,..,..,30.8302169802094,30.8302169802094,..,..,..,..,994848.0
Mauritius,MUS,2014,82.2082721727861,..,37.1118254983001,0.864331411099376,44.8032753683379,10490.3315563853,127.86328226284,22.516535270615,,39.7887571971735,82.2082721727861,81.34394076168672,0.0,0.8643314110993714,..,..,..,..,..,..,..,30.3583889355512,..,65.7695930638141,65.7695930638141,..,..,54.1564802041359,..,..,..,84.5860494320222,79.9984975957715,25.1514262671358,25.1514262671358,..,..,35.5330819585906,35.5330819585906,..,..,..,..,1017424.0
Mauritius,MUS,2017,89.8425267240129,..,53.4965559336939,5.62693714475588,55.4032403002657,10986.7034093005,142.524532117413,18.6219558679044,10.4,39.4499348663789,89.4947190892484,84.21558957925701,0.34780763476449295,5.279129509991392,..,36.733970696837,..,74.7530947244789,81.7157040899947,..,..,34.0514591241676,30.338306015597,63.0437705299863,65.1518840853397,..,..,60.1632973584132,..,..,..,92.493737290723,86.6359053043908,22.8775876772788,22.8775876772788,..,..,24.3633846168477,24.3633846168477,..,..,..,..,1038320.0
Mauritius,MUS,2021,90.5263443555157,..,64.1494054101043,15.8956646249017,71.59999847,9177.71195973013,154.053185977432,15.061881598454,,39.077147315722,89.9558712970738,74.630679730614,0.5704730584419053,15.325191566459793,0.693945180287424,38.8406122243189,..,89.3738289759832,89.5403552917466,..,..,45.0081378951901,24.6932524484849,70.164239286089,71.4271227527933,..,..,55.2205293703767,..,..,..,90.6897874087959,89.2772919975693,20.2826922356693,20.0886055098527,14.7041348753811,16.9973537823603,28.8780755077474,29.1600300511533,2.50923911905659,..,..,..,1065213.0
Mauritius,MUS,2022,,..,..,,75.5,10246.5017455553,164.309278835228,14.5746244431594,,39.0000125885784,,,,,..,..,..,..,..,..,..,..,..,..,..,..,..,..,..,..,..,..,..,..,..,..,..,..,..,..,..,..,..,1067141.0
Mauritius,MUS,2024,89.5984480347546,63.1631808267864,..,10.1270671725304,73.30793533,11990.7798944837,172.68356921857,,,39.0162147027917,89.5179808040253,79.4713808622242,0.08046723072929751,10.046599941801105,0.149774474982025,..,..,..,..,..,..,..,..,..,..,..,..,48.3665408716927,..,..,..,91.6211848444009,87.44277026075,18.8775759029874,18.8775759029874,12.41686937781,7.86774207273521,30.4310708722893,31.859263548793,4.37689089142661,..,..,..,1061268.0
Mozambique,MOZ,2011,,..,..,,4.599999905,618.17649286789,33.216339150187,3.66679133757214,,31.2062230032794,,,,,..,..,..,..,..,..,..,..,..,..,..,..,..,..,..,..,..,..,..,..,..,..,..,..,..,..,..,..,..,12808872.0
Mozambique,MOZ,2014,,..,..,,6.0,697.142680444123,71.6701472266196,4.13319334651145,48.4,31.8972245802342,,,,,..,..,..,..,..,..,..,..,..,..,..,..,..,..,..,..,..,..,..,..,..,..,..,..,..,..,..,..,..,13981838.0
Mozambique,MOZ,2017,41.6701037933311,..,29.6011169201899,21.8668207548091,7.7963266079129,470.93856305196,42.1619694080105,4.23508956993863,,32.6274411492675,33.0030017588753,19.803283038522,8.667102034455802,13.199718720353296,..,17.1869687140547,..,..,..,..,..,14.182241910953,..,..,..,..,..,42.8764348011822,73.5465761532159,..,..,40.1544022537641,26.3084697427623,11.0257596951055,11.0257596951055,26.957783634383,17.1010949344599,10.7993764187112,10.7993764187112,..,..,..,..,15357760.0
Mozambique,MOZ,2021,49.4927479032385,..,39.1019843021243,29.3765950300481,16.35759926,509.907829475551,43.1636190464176,3.7643270008865,,34.4499259401554,38.6349226972918,20.1161528731904,10.857825205946703,18.518769824101405,7.9891790959154,12.9877166937852,..,..,..,..,..,11.6504053502085,..,..,..,..,..,43.1435102518378,..,..,..,47.0026662669693,30.7772940986863,14.9511579132253,10.2680473546993,37.7877784749125,21.4781747409771,10.8775201299518,16.9655550886898,10.3092238424162,..,..,..,17414121.0
Mozambique,MOZ,2022,,..,..,,18.96220016,578.251663751351,45.8178199662019,3.60886323922757,65.0,35.0536638047945,,,,,..,..,..,..,..,..,..,..,..,..,..,..,..,..,..,..,..,..,..,..,..,..,..,..,..,..,..,..,..,17976179.0
Mozambique,MOZ,2024,54.38528750107,49.6680777270919,47.4790486323905,45.7209859704018,20.52729988,656.776824637306,49.5047696961223,,,36.4332337447237,25.0840349014967,8.664301530668205,29.301252599573303,16.419733370828503,10.1754740836621,9.84870342015244,..,..,..,..,..,6.95016644866067,..,..,..,..,..,47.7015972224219,69.97916872853,..,..,31.5613305023147,18.6592991837379,14.5313778461276,6.27755785238313,54.3509691875964,37.1610305760291,8.26727525679191,19.8193741747928,15.7205112392079,16.2454616998871,6.9604865187851,0.327675810753583,19227872.0
Namibia,NAM,2011,,..,..,,12.0,5834.7917675794,102.24430130572,12.9904256851151,,42.6276075621535,,,,,..,..,..,..,..,..,..,..,..,..,..,..,..,..,..,..,..,..,..,..,..,..,..,..,..,..,..,..,..,1359022.0
Namibia,NAM,2014,58.833897653755,..,38.1887552976623,10.3590939249884,14.84000015,5378.32326241205,115.5200011764,13.6082861836614,,44.8214248210559,58.0632429478679,48.4748037287666,0.7706547058871038,9.588439219101303,..,..,..,..,..,..,..,18.0277337331599,..,..,..,..,..,56.9430620111854,71.1885710137917,..,..,60.3225043315565,56.023033464691,11.8359229840032,11.8359229840032,12.5339858967084,8.39507362276729,26.6872197416184,26.6872197416184,..,..,..,..,1467093.0
Namibia,NAM,2017,80.6334990865415,..,63.0733763106376,43.4294696604372,36.83739853,5143.96072323076,106.914765245509,10.5472426920543,,46.8135799686288,77.3441947115669,37.204029426104306,3.2893043749746056,40.1401652854626,..,35.6544108789557,..,64.4020414748837,75.5320983944012,..,..,23.4691152238087,..,62.6264373576728,74.0041535748505,..,..,62.6936368926833,..,..,..,77.0328354401162,77.6149590467635,16.9411498738494,16.9411498738494,45.0160643840293,42.0497347209302,34.4358842268028,34.4358842268028,..,..,..,..,1587675.0
Namibia,NAM,2021,71.3463883283129,..,58.0195902236517,42.6246853172316,60.25999832,4412.8355693052,103.727351391971,9.47905469662378,,49.0571881483796,65.5741645476558,28.721703011081296,5.7722237806571,36.852461536574495,6.49308007953086,27.6960961985494,..,66.5439943508941,78.3742306372658,..,..,21.0623791169509,..,66.2101988541649,82.4892847232192,..,..,56.2764778721405,..,..,..,69.175740765799,62.4216548664793,23.3954139923209,20.9640694484096,44.4438187361628,41.03237257215,33.7195254944091,36.2619739897233,11.2435956668616,..,..,..,1760674.0
Namibia,NAM,2022,,..,..,,62.99720001,4349.79908493314,100.557816104444,9.3480327584395,,49.5291037671807,,,,,..,..,..,..,..,..,..,..,..,..,..,..,..,..,..,..,..,..,..,..,..,..,..,..,..,..,..,..,..,1806822.0
Namibia,NAM,2024,72.9187672893525,66.0951479465141,55.6168699657834,48.4473580646797,64.87460327,4413.12752211572,85.1648988113055,,,50.4088030252155,62.6974953762263,24.471409224672804,10.221271913126202,38.22608615155349,9.94508971215367,30.6011613923751,..,73.8851572862907,80.494473190783,..,..,17.8706078099647,..,75.7943212679304,86.0522525047774,..,..,60.5640370172989,..,..,..,59.1068803802402,66.0655816212293,21.8116190913917,14.5632925655224,49.0730327471903,47.860459637985,36.372573232344,43.552821834515,17.5230796199068,17.5576566823448,36.5982340692165,6.95315892879966,1909596.0
Niger,NER,2011,1.52169870544605,..,..,,0.9,510.75956176268,27.612953279822,1.21802901504482,,16.2303066053496,1.52169870544605,,0.0,,..,..,..,..,..,..,..,..,..,..,..,..,..,..,..,..,..,..,..,..,..,..,..,1.16439953207824,1.16439953207824,..,..,..,..,8681991.0
Niger,NER,2014,6.70658814894855,..,4.16068622814926,3.8526655449061,1.24867568902241,565.30989731175,42.8624011489646,1.61505171314325,,16.2450424611665,3.49004442022549,2.8539226040424506,3.2165437287230603,0.6361218161830395,..,..,..,..,..,..,..,9.8474606895127,..,..,..,..,..,61.0201762110613,97.0223534703658,..,..,..,..,2.23858097039198,2.23858097039198,..,..,1.98198371571832,1.98198371571832,..,..,..,..,9737720.0
Niger,NER,2017,15.5232449543461,..,10.4139469559878,8.71723826236785,10.2243115586561,521.804130023434,40.9549864276209,1.63442927987046,,16.5036987906896,9.51615195660217,6.806006691978251,6.00709299774393,2.7101452646239217,..,9.90068043287133,..,..,..,..,..,6.78886999059765,..,..,..,..,..,24.9844544363333,73.4945717143926,..,..,..,..,3.79921226635677,3.79921226635677,..,..,1.90352939353012,1.90352939353012,..,..,..,..,10971675.0
Niger,NER,2021,,..,..,,12.45689964,608.722439593808,61.5063092448251,1.58103146647876,41.2,17.2295936666686,,,,,..,..,..,..,..,..,..,..,..,..,..,..,..,..,..,..,..,..,..,..,..,..,..,..,..,..,..,..,..,12819266.0
Niger,NER,2022,11.685591291668,..,8.08420174341257,5.37737634706627,13.08749962,609.745147574878,63.3770548032743,1.58877765041864,,17.477207007512,8.54967780561718,6.308214944601731,3.1359134860508213,2.2414628610154494,0.867602964514228,12.4368610543499,..,..,..,..,..,8.08304537272851,..,..,..,..,..,25.4238526263613,67.2360165010118,..,..,..,..,3.55354590304381,3.06063906978898,..,..,2.50685057867359,3.30477738869238,1.30023336458653,..,..,..,13332662.0
Niger,NER,2024,14.8268991865027,7.42822279977383,8.08502624392783,5.70037064304953,15.55760002,735.270255787226,60.5939862118112,,,18.0497398450803,12.6669935650172,9.12652854345317,2.1599056214854997,3.5404650215640316,0.931208347836045,13.4542872729786,..,..,..,..,..,6.9080894584852,..,..,..,..,..,33.5381690279762,61.8735616919054,..,..,14.4493244612082,10.9890322421344,2.94310817799141,2.5199873018986,..,..,3.45092977145132,5.23103684132572,2.34406722858788,1.13828489862582,1.32291065139787,0.324901407311064,14435033.0
Nigeria,NGA,2011,29.6675376842052,..,..,,13.80000019,2418.41316975875,55.5301267540609,6.32874806670587,,52.490352424079,29.6675376842052,,0.0,,..,..,..,..,..,..,..,..,..,..,..,..,..,..,..,..,..,33.2768925034846,25.9904013803634,..,..,..,..,23.5937386530564,23.5937386530564,..,..,..,..,95199830.0
Nigeria,NGA,2014,44.4419846566021,..,29.171377885991,2.29496131266427,21.0,3088.72131316169,74.7512781478918,5.53049153182941,,54.9232435340404,44.1732003380303,42.14702334393783,0.26878431857180374,2.0261769940924665,..,..,..,..,..,..,..,9.81089318890469,..,..,..,..,..,68.9753301305501,79.2693055336634,..,..,54.2802713473933,33.5576513918373,6.97877779080223,6.97877779080223,..,..,27.0703658249014,27.0703658249014,..,..,..,..,103335141.0
Nigeria,NGA,2017,39.6668586884669,..,23.7239677932211,5.60616521266374,25.87789917,1876.34027111773,72.3679681751497,4.38158695646469,,57.3486345560101,39.4054476331685,34.06069347580316,0.26141105529840303,5.344754157365337,..,8.16352448952019,..,..,..,..,..,13.0988411530155,..,..,..,..,..,61.9603960708289,93.6270811139381,..,..,51.0753327883771,27.0897656449239,5.30332817240483,5.30332817240483,..,..,20.5517188369336,20.5517188369336,..,..,..,..,112381711.0
Nigeria,NGA,2021,45.3166327186278,..,29.4027398572603,8.65020918017385,35.50979996,2787.48779224428,89.2915858426408,4.2411550331707,,60.5698545383604,45.1398256242319,36.666423538453955,0.17680709439590458,8.473402085777948,0.701538183118188,6.03746104375933,..,..,..,..,..,14.7372335756239,..,..,..,..,..,55.518352889004,83.8360685610513,..,..,55.2561332732817,34.8073783254192,7.03728535080979,6.3985120263853,..,..,17.7296934568046,17.923843539618,1.58590973172472,..,..,..,125884453.0
Nigeria,NGA,2022,,..,..,,39.14720154,2899.16047470324,99.5852151989567,4.36487210382441,56.2,61.3727650622225,,,,,..,..,..,..,..,..,..,..,..,..,..,..,..,..,..,..,..,..,..,..,..,..,..,..,..,..,..,..,..,129533664.0
Nigeria,NGA,2024,63.2613514491542,53.1441194266677,43.8709167829283,32.7907521346508,41.21139908,1084.16041805436,70.7619057835431,,,62.9755675573659,59.7277056302937,30.470599314503396,3.5336458188604993,29.257106315790303,4.35288311368027,12.5808860385984,..,..,..,..,..,21.2749385650299,..,62.2505867326352,70.4366244426837,..,..,72.2578469882864,64.8984049705242,33.2046796929657,..,70.1125857896615,49.3388452755326,9.11294873626081,6.11485663281684,40.5595792994516,25.018947424648,37.6985759713078,43.3504896546611,18.9225475471162,6.21392834551107,18.5755915168641,0.565806196091084,137248676.0
Rwanda,RWA,2011,32.7638222447295,..,..,,7.0,651.133677964662,42.049425685328,5.4544954241668,,16.9323586881273,32.7638222447295,,0.0,,..,..,..,..,..,..,..,..,..,..,..,..,..,..,..,..,..,37.5087208412817,28.2467125980262,..,..,..,..,17.8392692899954,17.8392692899954,..,..,..,..,6115256.0
Rwanda,RWA,2014,42.1169125765165,..,23.0801300291551,18.0976851949719,10.60000038,724.957526520906,68.1670448387062,5.85492838596889,,17.5020716539756,38.1448873395443,24.0192273815446,3.9720252369722004,14.125659957999702,..,..,..,..,..,..,..,13.1326171206587,..,..,..,..,..,55.1771713051058,84.5772208945424,..,..,45.9282630464778,30.5095571195196,8.39122429224689,8.39122429224689,20.1063626635926,16.1272142379063,25.5344317090476,25.5344317090476,..,..,..,..,6658445.0
Rwanda,RWA,2017,50.019793696102,..,31.5378313263428,31.114641541215,17.2,758.300966509647,72.2764598764471,6.08824659185316,,20.2477568101111,36.6573707414994,18.905152154887,13.3624229546026,17.7522185866124,..,13.0881722107757,..,..,..,..,..,31.0356104849612,68.3011091122041,..,..,..,..,63.8098038392983,85.2588490493558,..,..,40.5562168821738,33.2122895033141,8.08560580000023,8.08560580000023,36.8865747873269,26.0144713327033,18.9214078089548,18.9214078089548,..,..,..,..,7258583.0
Rwanda,RWA,2021,,..,..,,24.4416008,829.544845263697,81.6381635400584,3.30631876413694,,26.1049092762833,,,,,..,..,..,..,..,..,..,..,..,..,..,..,..,..,..,..,..,..,..,..,..,..,..,..,..,..,..,..,..,8194751.0
Rwanda,RWA,2022,,..,..,,28.01679993,975.469323735369,80.5952224850433,3.13776634445974,,27.7806702737761,,,,,..,..,..,..,..,..,..,..,..,..,..,..,..,..,..,..,..,..,..,..,..,..,..,..,..,..,..,..,..,8442239.0
Rwanda,RWA,2024,,..,..,,31.70330048,999.65456165547,93.201462876722,,,29.8849714294083,,,,,..,..,..,..,..,..,..,..,..,..,..,..,..,..,..,..,..,..,..,..,..,..,..,..,..,..,..,..,..,8930200.0
Senegal,SEN,2011,5.82114104684157,..,..,,9.800000191,1374.67591873844,72.1733338879073,4.58393283648975,,44.0689668509475,5.82114104684157,,0.0,,..,..,..,..,..,..,..,..,..,..,..,..,..,..,..,..,..,..,..,..,..,..,..,3.71661058793836,3.71661058793836,..,..,..,..,7427409.0
Senegal,SEN,2014,15.4245720927038,..,9.60061916898541,6.18836087308474,17.70000076,1398.89137601382,101.608432443463,4.80460515729596,,45.6020905341588,11.9218112942993,9.23621121961906,3.5027607984045,2.6856000746802398,..,..,..,..,..,..,..,11.0737437612499,..,..,..,..,..,59.0461647574898,94.3392442742312,..,..,16.0377950307167,8.24185040613992,3.96844063796577,3.96844063796577,..,..,6.56954753904225,6.56954753904225,..,..,..,..,8127981.0
Senegal,SEN,2017,42.3440153574227,..,34.6719684043876,31.7980906401931,29.64310074,1356.80518449031,101.831108002442,5.81172836765732,,47.9338349639053,20.3567181800257,10.5459247172296,21.987297177396997,9.810793462796106,..,12.8726120265084,..,..,..,..,..,12.0722594143279,..,..,..,..,..,45.1069901595244,58.2468593513429,..,..,25.5529591091672,15.7375611730576,7.81602632192992,7.81602632192992,34.8856946187253,29.0533896637247,7.2872954171013,7.2872954171013,..,..,..,..,9013239.0
Senegal,SEN,2021,55.9644071481718,..,50.5344826150871,44.8898717927942,55.04040146,1598.10676952274,115.325093678501,5.65678188120555,37.5,52.2260292191155,28.1348260660002,11.074535355377598,27.8295810821716,17.06029071062261,4.45565876831156,11.6427868648917,..,..,..,..,..,17.1965149804619,..,..,..,..,..,58.5153015088202,..,..,..,32.4566929821119,24.2709693542844,12.8863126973233,9.97247550831054,52.2381288729206,38.3203468653576,8.79151584181189,32.8769079351355,29.1373245722333,..,..,..,10373458.0
Senegal,SEN,2022,,..,..,,56.82830048,1574.0281059306,118.150293497239,5.51350072873882,,53.4435061024348,,,,,..,..,..,..,..,..,..,..,..,..,..,..,..,..,..,..,..,..,..,..,..,..,..,..,..,..,..,..,..,10738877.0
Senegal,SEN,2024,76.4609257473503,73.5634312129097,69.9210000084006,66.912648954156,60.11780167,1773.21829923448,123.894453697506,,,55.2368169057304,48.0495953309074,9.548276793194304,28.4113304164429,38.501318537713104,11.2848836882836,16.5084369186259,..,..,81.8176788334565,69.9888792482094,..,25.5638824612905,..,..,70.2513432586566,64.2710610660732,..,77.7029304765933,..,62.6520342400212,54.5138244572601,52.0275982707342,44.4307730785862,22.6686194680267,17.555626502548,71.4921166418495,62.7466692345098,24.1449967401206,58.2986483684044,54.7431519940916,26.0554532507343,12.571453320674,1.33172163460125,11437489.0
Sierra Leone,SLE,2011,15.3417553850215,..,..,,0.899999976,761.146365577281,33.4572729332228,2.6276918911817,62.4,39.0472153491602,15.3417553850215,,0.0,,..,..,..,..,..,..,..,..,..,..,..,..,..,..,..,..,..,18.0477929654683,12.8025352125246,..,..,..,..,14.4904517355111,14.4904517355111,..,..,..,..,3639550.0
Sierra Leone,SLE,2014,15.5800105420148,..,9.04405411494421,4.45238788686852,6.057300091,1117.7586465721,69.1758823858757,,,40.3272406886245,14.1488477275695,11.127622655146281,1.431162814445301,3.021225072423217,..,..,..,..,..,..,..,4.5812977311233,..,..,..,..,..,65.403554297881,94.9988571403122,..,..,17.5030374208637,11.0640927893262,4.13538414316547,4.13538414316547,..,..,10.94297016324,10.94297016324,..,..,..,..,3974372.0
Sierra Leone,SLE,2017,19.808760638724,..,13.1472898412174,11.0186137117415,9.297100067,779.186007841728,89.7781754066341,,,41.7106682105058,12.3869677810364,8.7901469269825,7.421792857687599,3.596820854053899,..,8.07606828432103,..,..,..,..,..,8.64358437178604,..,..,..,..,..,54.2319825967112,80.1276749482444,..,..,15.2713148277357,9.80096062742865,5.19576405745962,5.19576405745962,13.5757681575376,8.72595628091125,5.17982259795955,5.17982259795955,..,..,..,..,4351996.0
Sierra Leone,SLE,2021,28.8466044614564,..,24.6259274760524,19.0402143348394,18.65390015,885.396401885395,101.636782141976,,,43.7345385973699,13.7777878625853,9.806390126617,15.068816598871102,3.971397735968303,1.40133712685719,10.0005974632489,..,..,..,..,..,8.27671898798318,..,..,..,..,..,47.8717531969219,84.4944750619533,..,..,17.3967877596731,10.4908910872242,5.62528169301254,4.2819394319737,21.5392934890956,16.7704670435761,4.87508167917976,11.0824275728992,7.68218368397263,..,..,..,4904903.0
Sierra Leone,SLE,2022,,..,..,,21.50880051,860.371067916096,107.882000873042,2.57065101070381,,44.2666343543487,,,,,..,..,..,..,..,..,..,..,..,..,..,..,..,..,..,..,..,..,..,..,..,..,..,..,..,..,..,..,..,5050819.0
Sierra Leone,SLE,2024,38.6205210606339,33.8226971486944,32.6033964199992,32.1957258314931,25.10499954,806.654650417726,,,,45.3626823156371,15.0133411940838,6.424795229140798,23.607179866550098,8.588545964943002,4.71438374352742,16.8710680560948,..,..,..,..,..,7.81674104169745,..,..,..,..,..,61.2622326797157,86.850740966653,..,..,16.9434227996002,13.1998743715121,9.34573117387643,5.35097164060639,33.5757176602578,30.8991125744516,6.20457055424828,22.0047379756721,19.8538947870267,9.77177024262139,4.90494119145706,4.5999056644931,5350385.0
Somalia,SOM,2011,,..,..,,,,,,,,,,,,..,..,..,..,..,..,..,..,..,..,..,..,..,..,..,..,..,..,..,..,..,..,..,..,..,..,..,..,..,
Somalia,SOM,2014,38.6603281288684,..,35.1431515306493,37.0659136924705,,,,,,,7.85571743509417,1.5944144363978978,30.80461069377423,6.261302998696273,..,..,..,..,..,..,..,9.81811196056846,..,..,..,..,..,37.1968784474841,61.6920807550123,35.3860584910966,..,..,..,2.11173180495924,2.11173180495924,41.9855907362015,32.055848643666,2.8192718405589,2.8192718405589,..,..,..,..,
Somalia,SOM,2017,,..,..,,,,,,,,,,,,..,..,..,..,..,..,..,..,..,..,..,..,..,..,..,..,..,..,..,..,..,..,..,..,..,..,..,..,..,
Somalia,SOM,2021,,..,..,,,,,,,,,,,,..,..,..,..,..,..,..,..,..,..,..,..,..,..,..,..,..,..,..,..,..,..,..,..,..,..,..,..,..,
Somalia,SOM,2022,,..,..,,,,,,,,,,,,..,..,..,..,..,..,..,..,..,..,..,..,..,..,..,..,..,..,..,..,..,..,..,..,..,..,..,..,..,
Somalia,SOM,2024,,..,..,,,,,,,,,,,,..,..,..,..,..,..,..,..,..,..,..,..,..,..,..,..,..,..,..,..,..,..,..,..,..,..,..,..,..,
South Africa,ZAF,2011,53.6450756317438,..,..,,33.97,8646.05571071635,120.765642853915,9.99577173786909,,62.850627754452,53.6450756317438,,0.0,,..,..,..,..,..,..,..,..,..,..,..,..,..,..,..,..,..,56.3800355322416,51.0233654425798,..,..,..,..,22.0800266437892,22.0800266437892,..,..,..,..,37560412.0
South Africa,ZAF,2014,70.3174554981439,..,52.6973779407946,14.4281801716055,49.0,6856.73137092522,142.60448245213,10.6458021193414,46.7,63.1352327065742,68.7672341517471,55.889275326538396,1.5502213463967962,12.877958825208708,..,..,..,..,..,..,..,21.0361219883437,..,65.0238364873501,74.462725749487,..,53.0643126904176,66.3642859333145,..,..,..,68.7695588077095,68.7651486436213,18.907406211775,18.907406211775,15.0296173535338,13.8886155434102,32.7262150840567,32.7262150840567,..,..,..,..,39747757.0
South Africa,ZAF,2017,69.2184941645761,..,43.0800609192787,19.0168459424566,56.16740036,6618.33508255701,153.547950468153,10.3832663872233,,63.3311078299936,67.4369196055713,50.2016482221195,1.7815745590047953,17.235271383451803,..,36.1306924626437,..,54.2143305003403,77.0038585058197,..,..,24.9743382747054,..,53.503274078358,61.3458619302226,..,..,59.3297297376042,..,..,..,66.6986131183102,68.1287202077315,13.5039677120329,13.5039677120329,19.4188366461018,18.6401766111656,22.0916282501737,22.0916282501737,..,..,..,..,41345402.0
South Africa,ZAF,2021,85.378111952418,..,70.1645513398425,36.5653075160157,74.96859741,6828.75624590017,163.12806305125,9.47530867694664,,63.4503925883909,84.1121968797668,48.812804436402295,1.2659150726511967,35.29939244336451,2.96373484468575,41.6950996029119,..,74.0182305039992,83.1064854737525,27.7575960916098,..,33.6287685393347,..,72.1179981099561,80.5724619875449,38.1016485754155,..,62.2913556235407,..,..,..,83.3080939843437,84.9034461029602,18.9885620286693,18.2124322043513,34.1010940189829,38.9901302923146,37.2065515608911,40.5406035814681,9.61206782783629,..,..,..,45134576.0
South Africa,ZAF,2022,,..,..,,78.29319763,6534.24867783397,160.728511675754,9.10414298327623,37.9,63.4766699210327,,,,,..,..,..,..,..,..,..,..,..,..,..,..,..,..,..,..,..,..,..,..,..,..,..,..,..,..,..,..,..,45959675.0
South Africa,ZAF,2024,81.1259662052011,67.7592512764906,44.6357016983694,31.623201671299,78.35759735,6267.186814093,179.336329840585,,,63.6917984858172,78.4330264359328,49.502764533902095,2.6929397692682926,28.930261902030708,1.68432723403035,37.8404052077671,..,74.4402300475906,86.2182740300229,27.2398796118252,..,23.7782374624774,..,73.637932223246,80.2627453903716,..,..,53.4028526247774,..,..,..,76.9403097294929,79.737889719525,13.2228042052269,12.3502420599932,40.1145917711867,24.2004247169044,31.9615894978079,35.8042343020261,11.1428525525615,6.13524340003698,38.1462372575756,2.6091568273065,47439721.0
South Sudan,SSD,2011,,..,..,,,1448.98435006408,17.4959266080871,0.711128449099965,,17.7817678106789,,,,,..,..,..,..,..,..,..,..,..,..,..,..,..,..,..,..,..,..,..,..,..,..,..,..,..,..,..,..,..,5949874.0
South Sudan,SSD,2014,,..,..,,2.599999905,1242.73450181032,25.599272919722,1.79024131674584,,18.5459183719929,,,,,..,..,..,..,..,..,..,..,..,..,..,..,..,..,..,..,..,..,..,..,..,..,..,..,..,..,..,..,..,6464205.0
South Sudan,SSD,2017,8.57000393149026,..,4.59402533519398,,4.1,,27.1848244017002,1.59920985127175,,19.3489927232944,8.57000393149026,,0.0,,..,9.87950792833217,..,..,..,..,..,7.02531912031691,..,..,..,..,..,33.7245268510783,71.0549965740695,..,..,..,..,3.35125796671482,3.35125796671482,..,..,3.72421947787219,3.72421947787219,..,..,..,..,5637741.0
South Sudan,SSD,2021,5.8314074673825,..,3.24289400973911,0.849857032819192,,,30.151042999214,1.56504503879881,,20.4811115270532,5.48299401024283,4.981550434563308,0.34841345713967,0.5014435756795219,0.28069241728815,5.35606407966426,..,..,..,..,..,4.29461765332833,..,..,..,..,..,17.203206018665,89.203311882396,..,..,..,..,2.6335273732576,2.47287386679031,..,..,1.49375079595124,1.72235794550914,0.730050725237431,..,..,..,6341870.0
South Sudan,SSD,2022,,..,..,,,,48.4888320004297,1.58339349956571,,20.7752121046616,,,,,..,..,..,..,..,..,..,..,..,..,..,..,..,..,..,..,..,..,..,..,..,..,..,..,..,..,..,..,..,6518574.0
South Sudan,SSD,2024,,..,..,,,,,,,21.3768190444906,,,,,..,..,..,..,..,..,..,..,..,..,..,..,..,..,..,..,..,..,..,..,..,..,..,..,..,..,..,..,..,7295336.0
Sudan,SDN,2011,6.89979785197721,..,..,,,1332.6572265625,69.3293475524591,3.01948467033331,,32.9059760141986,6.89979785197721,,0.0,,..,..,..,..,..,..,..,..,..,..,..,..,..,..,..,..,..,..,..,..,..,..,..,3.40926684927786,3.40926684927786,..,..,..,..,20014027.0
Sudan,SDN,2014,15.2684332808943,..,10.7277969191504,,,1275.43835449219,71.597721245773,3.19684061585097,,33.7624582408117,15.2684332808943,,0.0,,..,..,..,..,..,..,..,11.476331011162,..,..,..,..,..,41.2628264254525,85.9074758129348,..,..,20.223826520119,9.98316105750736,4.22487235538713,4.22487235538713,..,..,7.4698499903566,7.4698499903566,..,..,..,..,21733392.0
Sudan,SDN,2017,,..,..,,18.60000038,966.505676269531,67.0598253428254,3.31824890247157,,34.2872225663509,,,,,..,..,..,..,..,..,..,..,..,..,..,..,..,..,..,..,..,..,..,..,..,..,..,..,..,..,..,..,..,24539303.0
Sudan,SDN,2021,,..,..,,,712.122009277344,71.767230205952,,,34.6421563427994,,,,,..,..,..,..,..,..,..,..,..,..,..,..,..,..,..,..,..,..,..,..,..,..,..,..,..,..,..,..,..,28273454.0
Sudan,SDN,2022,,..,..,,,1046.24084472656,70.2084038614961,,,34.7209852053086,,,,,..,..,..,..,..,..,..,..,..,..,..,..,..,..,..,..,..,..,..,..,..,..,..,..,..,..,..,..,..,29179675.0
Sudan,SDN,2024,,..,..,,,984.607666015625,,,,34.8673015510839,,,,,..,..,..,..,..,..,..,..,..,..,..,..,..,..,..,..,..,..,..,..,..,..,..,..,..,..,..,..,..,30031586.0
Tanzania,TZA,2011,17.2577675334801,..,..,,3.200000048,775.392761230469,55.7610427273527,2.09425751060943,28.2,28.865726405543,17.2577675334801,,0.0,,..,..,..,..,..,..,..,..,..,..,..,..,..,..,..,..,..,20.7948508640975,13.8239817090313,..,..,..,..,11.9130725061884,11.9130725061884,..,..,..,..,25206837.0
Tanzania,TZA,2014,39.7794762771647,..,33.6155900328752,32.3586983386915,7.0,1022.74841308594,63.2804353521698,2.62908813828661,,30.6443077170742,19.0412307204566,7.420777938473201,20.738245556708097,11.620452781983396,..,..,..,..,..,..,..,5.42784319028148,..,..,..,..,..,59.2429408614072,74.7199930576183,24.0734405145997,..,21.0667206932707,17.0953115695355,6.74200000827858,6.74200000827858,38.3763571269831,26.5774416368495,9.00431883739567,9.00431883739567,..,..,..,..,27808468.0
Tanzania,TZA,2017,46.7515639970681,..,39.7685328216618,38.5380306886962,14.46339989,986.674011230469,71.7911684370749,2.75537914000928,,32.2987013317296,20.9722323619117,8.213533308371893,25.779331635156396,12.758699053539807,..,7.96705685388855,..,..,..,..,..,11.4316114806448,..,..,..,..,..,48.388924120261,73.8831425958548,..,..,23.0546319650794,18.9777183797239,5.29442630000626,5.29442630000626,44.1140603189327,33.1973318882919,6.10644698091789,6.10644698091789,..,..,..,..,31187923.0
Tanzania,TZA,2021,52.4333347484758,..,48.4005276720377,44.5794870059864,22.87540054,1159.85656738281,86.0162814148027,2.45404630963862,,34.3500111758619,23.3210156407006,7.8538477424894,29.1123191077752,15.467167898211201,10.7685715351058,7.81152752759752,..,..,..,..,..,11.9078294205921,..,..,..,..,..,49.4646317368423,67.0812074768857,..,..,31.5162204007472,15.7493328833848,13.3400760154546,4.44572196722817,49.2212654529244,40.2908725223915,6.2707637666644,22.1298893600633,19.2233563527544,..,..,..,35729857.0
Tanzania,TZA,2022,,..,..,,26.86059952,1207.52062988281,93.0159746238635,2.34773521988818,,34.8234736377147,,,,,..,..,..,..,..,..,..,..,..,..,..,..,..,..,..,..,..,..,..,..,..,..,..,..,..,..,..,..,..,36939951.0
Tanzania,TZA,2024,59.8275253090773,55.0354144978825,54.6317476250467,52.8539837276394,31.16209984,1186.71691894531,126.559163217786,,,36.1684458862992,21.944173366806,6.9735415814379,37.883351942271304,14.970631785368099,5.52248726184267,8.04903608715801,..,..,..,..,..,14.9088561329998,..,..,..,..,..,52.7142457124981,74.6335700698408,..,..,27.3699186383519,17.124980186219,9.10343968746119,4.94922746533714,56.2354787548884,49.8505110321982,7.56729100888022,25.9080602418771,22.5593383600204,31.0883636157115,4.25932147199444,2.43756529559345,39397335.0
Togo,TGO,2011,10.1852402521278,..,..,,3.5,783.988944671672,38.9697843149559,4.27698792107328,,37.9872305648732,10.1852402521278,,0.0,,..,..,..,..,..,..,..,..,..,..,..,..,..,..,..,..,..,11.1866442660827,9.21766924099931,..,..,..,..,3.63060820302267,3.63060820302267,..,..,..,..,4037785.0
Togo,TGO,2014,18.2514629953597,..,2.93962370989721,1.41003877200435,5.699999809,855.584809246574,60.4368580586019,4.74424302549303,,39.2839506458368,17.6149230031841,16.84142422335535,0.6365399921755994,0.7734987798287492,..,..,..,..,..,..,..,7.55372152067612,..,..,..,..,..,37.5485469103799,90.4404926000513,..,..,20.8987881511708,14.4363463661678,3.97581941062756,3.97581941062756,..,..,6.66526673354689,6.66526673354689,..,..,..,..,4368161.0
Togo,TGO,2017,45.2893518838727,..,27.0204646136406,21.4573757638597,12.3602249692905,792.765700965864,75.3357270694068,5.42787201467039,,40.5809463430719,34.0679410589978,23.831976120012996,11.221410824874894,10.235964938984807,..,11.2761342670456,..,..,..,..,..,11.4179970581468,..,..,..,..,..,45.2251914923327,67.2788063259722,..,..,39.5595401150777,28.6215287428012,9.14330825458104,9.14330825458104,26.9747715154345,15.9853790161296,11.7776070021449,11.7776070021449,..,..,..,..,4735003.0
Togo,TGO,2021,49.6056349278117,..,41.3287981277586,36.4808073071674,30.33839989,962.075187515872,70.4496733018494,4.97539213640241,43.8,42.3105904515122,24.9001486748657,13.124827620644297,24.705486252946,11.7753210542214,1.68940890739939,10.069203631333,..,..,..,..,..,16.4405020175387,72.9289716447284,..,..,..,..,54.7934988316156,80.0385931229888,..,..,28.54250431283,21.4549285749789,8.18871010074551,7.41915976665746,41.2980097226267,31.9243267663932,11.6521382947079,18.4148962345627,9.26067413010308,..,..,..,5282176.0
Togo,TGO,2022,,..,..,,35.60749817,951.232378690387,72.2147547047011,4.93154934222167,,42.7332327975627,,,,,..,..,..,..,..,..,..,..,..,..,..,..,..,..,..,..,..,..,..,..,..,..,..,..,..,..,..,..,..,5434122.0
Togo,TGO,2024,57.4329534151865,51.3235570285034,49.890795066174,47.9918378510191,39.48320007,1119.38160509429,80.8035554767112,,,43.8148491605996,32.4420270880364,9.441115564167404,24.990926327150106,23.000911523868993,3.44583553096292,12.1353735739235,..,..,..,..,..,16.7614675639432,..,..,..,..,..,64.7646355474984,66.7565940186987,..,..,38.8370971096536,26.2930287813707,13.4400031965241,11.635430136008,61.3967253748056,35.1027482231994,19.8663196812398,32.0968564506289,21.1602949801951,24.9469856880944,11.2917969064649,3.76802365258811,5754262.0
Uganda,UGA,2011,20.4614192079115,..,..,,4.599999905,835.620060555838,50.0591238800663,2.50179379809497,,20.0561028736631,20.4614192079115,,0.0,,..,..,..,..,..,..,..,..,..,..,..,..,..,..,..,..,..,25.7830122357305,15.0635186201917,..,..,..,..,16.3309892435361,16.3309892435361,..,..,..,..,16914868.0
Uganda,UGA,2014,44.447154358521,..,38.7110160883276,35.1003784131435,5.400000095,896.054795546394,55.9572451997482,3.14108475826605,,24.1938503391826,27.7834243236389,9.346775945377495,16.663730034882096,18.436648378261403,..,..,..,..,..,..,..,14.5049300188656,76.4603508702531,..,..,..,..,75.1820315459236,84.8418312715459,..,..,32.4835468199507,23.139543404831,16.089448049639,16.089448049639,41.2346692034548,29.0394904312027,16.7783637487173,16.7783637487173,..,..,..,..,18744454.0
Uganda,UGA,2017,59.1991511838928,..,51.2655879730387,50.5812428982308,7.417900085,765.218332297361,62.0968142578109,2.73486078304742,,26.4139260579546,32.8440546479748,8.617908285662004,26.355096535918,24.226146362312797,..,15.2186996833677,..,..,..,..,..,20.1991875981575,53.9426756321739,..,..,..,..,68.5554055190969,64.6702088354731,32.2960373150027,27.6176724728873,38.9122178272796,27.1156613170329,14.6707082818519,14.6707082818519,58.6420842131019,42.9717458782151,12.7026327336178,12.7026327336178,..,..,..,..,21333307.0
Uganda,UGA,2021,65.914011087313,..,60.5747638485313,53.7962366470604,10.0,882.791717542504,65.6220730009172,2.31977875597547,,29.2362957789022,36.5607928208586,12.117774440252603,29.353218266454398,24.443018380606006,15.8473122814104,10.7267121207333,..,..,..,..,..,23.8178671763231,53.1592983434158,..,43.1426265596885,..,..,70.7888746688581,63.6269192624623,34.6685596475311,30.3037599543825,37.9559242158678,35.3344002618097,28.9955265942032,18.6113704230784,54.526383200572,53.1544001122042,15.8916743650053,38.634468093866,31.8169337550475,..,..,..,25373797.0
Uganda,UGA,2022,,..,..,,9.636899948,963.067314117178,70.1401117953081,2.33800983849871,,29.9251969709665,,,,,..,..,..,..,..,..,..,..,..,..,..,..,..,..,..,..,..,..,..,..,..,..,..,..,..,..,..,..,..,26349828.0
Uganda,UGA,2024,72.8273757556063,69.5499543586572,67.4444436843973,67.7382954204934,8.949831061,1077.91278452817,83.165031466902,,,31.2777698213557,26.1733236510639,5.089080335112897,46.6540521045424,21.084243315951,21.9886448222314,13.6595869572609,..,..,..,..,..,27.2039901557096,52.9770586494692,..,43.1406001281608,38.951316424656,..,83.4058840448143,73.1634086308071,24.4007393962842,22.3972074427556,33.4269415322949,19.8752875550709,29.0448882485483,10.835951541821,74.6449534919064,61.7415111193801,13.4445493626606,53.6449230023157,48.8288827549265,25.4813990325261,7.03700719882767,4.30447418173295,28237012.0
Zambia,ZMB,2011,21.3649091881019,..,..,,3.5,1624.86817763443,56.5498570557445,3.98982111604323,,40.3684491825881,21.3649091881019,,0.0,,..,..,..,..,..,..,..,..,..,..,..,..,..,..,..,..,..,19.3929234877127,23.3373853809143,..,..,..,..,11.7658527065936,11.7658527065936,..,..,..,..,7782667.0
Zambia,ZMB,2014,35.644871301019,..,22.363313332041,12.1143072032691,6.5,1707.48573136694,63.6342658198343,4.665004065469,,41.5634741658525,31.292416860677,23.530564097749902,4.352454440342001,7.761852762927099,..,..,..,..,..,..,..,14.492843387045,..,..,..,..,..,70.1214917876594,80.2736044117165,..,..,32.9437688167247,29.7028106818743,5.65219141897562,5.65219141897562,14.853615109722,9.47742488524294,16.8443592193266,16.8443592193266,..,..,..,..,8668190.0
Zambia,ZMB,2017,45.8632574748937,..,33.1201049048821,27.8423917755053,12.19999981,1483.46577328065,77.0500111230113,4.46605764736889,,42.7295979877011,35.830035777146,18.020865699388402,10.033221697747699,17.8091700777576,..,13.9878512750755,..,..,..,..,..,15.5970980276014,..,..,..,..,..,58.7379450288321,53.4728011718379,39.5059773439322,..,43.3942179470972,28.5691763212115,10.4101568104369,10.4101568104369,29.9460591256822,25.823081210465,13.565294362725,13.565294362725,..,..,..,..,9678341.0
Zambia,ZMB,2021,48.521887299618,..,44.127963645677,41.6312839862365,14.82190037,1127.16077872857,103.28257957834,2.77863485036237,,44.2353731410926,23.8444618623913,6.890603313381504,24.677425437226702,16.953858549009794,9.813221516851,14.6961645241072,..,..,..,..,..,15.1551741283132,..,..,..,..,..,50.1426462110238,72.1005109678098,..,..,26.5904409149422,21.3934024192593,14.7828678361841,6.75033802732531,44.2645331033277,39.2808472235926,8.15213244308984,28.9509269589346,25.6671204778689,..,..,..,11194990.0
Zambia,ZMB,2022,,..,..,,15.0,1447.12310138035,98.4372601156219,2.70133490529461,60.0,44.5988511178469,,,,,..,..,..,..,..,..,..,..,..,..,..,..,..,..,..,..,..,..,..,..,..,..,..,..,..,..,..,..,..,11600290.0
Zambia,ZMB,2024,72.7024245599811,70.2662474056962,68.3310399947787,69.3107512524696,17.10099983,1187.10943350064,108.704779873813,,,45.4703838491279,24.072373432087,3.391673307511496,48.63005112789409,20.68070012457551,13.9086890696583,23.6515292617877,..,..,53.3546634291417,..,..,21.5915271195974,..,..,59.89587457781,50.8754348282139,..,68.3997846905551,53.4122142165139,..,..,29.4751900717235,19.1173297893458,18.1364494586296,6.62073490441563,73.2352723495737,65.711485423171,9.54378090409874,50.1218929200166,46.4766379345497,16.8108227066674,7.70840423633128,3.75353982133687,12478341.0
Zimbabwe,ZWE,2011,39.651208895891,..,..,,8.399999619,1037.77565157218,67.6698277302716,6.33245239473823,22.5,32.7567295776968,39.651208895891,,0.0,,..,..,..,..,..,..,..,..,..,..,..,..,..,..,..,..,..,42.5455749456014,37.1244111339536,..,..,..,..,17.2682399428983,17.2682399428983,..,..,..,..,7698307.0
Zimbabwe,ZWE,2014,32.3892493998773,..,27.6332251706875,21.5955208426691,16.3647399572904,1372.91526173161,83.0460608477621,14.6687212189847,,33.1628075970801,17.1894919246347,10.793728557208201,15.199757475242599,6.395763367426497,..,..,..,..,..,..,..,11.6973443340501,..,..,..,..,..,51.9738827541939,83.3834891245499,..,..,19.1269174459046,15.3363772170384,4.33172863312673,4.33172863312673,24.2077382836352,19.096979089115,5.19406162199756,5.19406162199756,..,..,..,..,7965845.0
Zimbabwe,ZWE,2017,55.2851376051058,..,49.2026128855119,48.5816321801818,24.39999962,3445.44941020134,95.136682697741,5.40244525688158,30.4,34.7014953017273,28.1799818696936,6.703505424924003,27.105155735412204,21.476476444769588,..,15.7328171904095,..,..,..,..,..,19.2480019703893,..,..,52.7015861064598,..,..,53.594004254507,71.7879592653703,..,..,33.4506396079702,23.3400166189628,4.72400367024086,4.72400367024086,51.1731724947713,46.2018599218938,5.31123850463518,5.31123850463518,..,..,..,..,8401237.0
Zimbabwe,ZWE,2021,59.7459292908934,..,53.7114226196222,50.6324444264057,32.5923996,2613.60542083552,90.2538486226365,5.8181085773307,,37.8692058859373,29.2496946936906,9.113484864487702,30.4962345972028,20.136209829202897,5.34296429646318,14.5504682832241,..,..,..,..,..,19.000206941768,..,..,..,..,..,51.9546493438954,..,..,..,34.9182502735752,23.9010269223203,7.22621971972311,2.88644347326737,55.6487640483814,45.8992056471716,4.08851771951058,12.0305118636693,9.42062503290648,..,..,..,9182614.0
Zimbabwe,ZWE,2022,,..,..,,36.25650024,2536.40050223076,88.9958314912836,5.54245401079117,,38.7055207169041,,,,,..,..,..,..,..,..,..,..,..,..,..,..,..,..,..,..,..,..,..,..,..,..,..,..,..,..,..,..,..,9382474.0
Zimbabwe,ZWE,2024,49.5216018025126,46.5431857741491,42.5966496047633,43.3317368740992,41.64279938,2497.20332208763,94.2451753366358,,,39.8933716820696,21.5661530622998,6.1898649284133995,27.9554487402128,15.376288133886398,4.37334297387324,15.7227330132043,..,..,..,..,..,18.1639053778212,58.0868469344542,..,..,..,..,45.8511336692934,61.5445379098466,..,..,24.4630545368656,19.0235024295338,6.34146240265946,2.90825624530331,47.1589137171279,39.9725706383566,3.30636176065889,13.6924551921877,12.5611572063273,23.2237045232041,9.75472463244777,4.57768742736453,9835279.0
